Meta-Llama-3-8B-Instruct,18.42870352966257,10.852635383605957,Once upon a time,"Once upon a time, in the heart of the city, there was a small, quaint bookstore called ""The Cozy Corner."" It was a place where book lovers could escape the hustle and bustle of everyday life and get lost in the pages of a good book. The store was run by a kind and gentle woman named Mrs. Jenkins, who had a passion for literature and a love for sharing it with others.

Mrs. Jenkins had a way of making everyone feel welcome in her store. She knew everyone's name and could recommend the perfect book for anyone who walked through her door. She had a special talent for finding hidden gems and introducing readers to new authors and genres. Her store was a haven for book clubs, writers' groups, and readers of all ages.

One day, a young girl named Sophie wandered into the store, searching for a new book to read. Sophie was a shy and introverted child who loved to read but often struggled to find books that interested her. Mrs"
Meta-Llama-3-8B-Instruct,32.20453016715773,6.210306406021118,Why should I eat healthy?,"Why should I eat healthy? Eating healthy is essential for maintaining overall health and well-being. A healthy diet provides the body with the necessary nutrients, vitamins, and minerals to function properly. A diet rich in fruits, vegetables, whole grains, and lean proteins can help to:
Prevent chronic diseases such as heart disease, diabetes, and certain types of cancer
Support healthy weight management
Boost energy levels and improve mental health
Support healthy bones, muscles, and joints
Support healthy skin, hair, and nails
Support a healthy immune system
Support healthy digestion and bowel function
Support healthy blood pressure and cholesterol levels
Support healthy blood sugar levels
Support healthy eye health and vision
Support healthy hearing and ear health
Support healthy brain function and cognitive function
Support healthy sleep patterns
Support healthy aging and longevity
In addition to the physical benefits, eating healthy can also have a positive impact on mental health and overall well-being. A healthy diet can help to:
Reduce stress and anxiety
Im"
Meta-Llama-3-8B-Instruct,32.704011280428695,6.115457773208618,Is there a second life after death?,"Is there a second life after death? What happens to us after we die? These are questions that have puzzled humans for centuries, and there are many theories and beliefs about what happens to us after we die. Here are some of the most common beliefs about what happens to us after we die:
1. Reincarnation: This is the belief that the soul or spirit continues to exist after death and is reborn into a new body. This is a common belief in many Eastern cultures, such as Hinduism and Buddhism.
2. Heaven and Hell: This is the belief that after we die, our souls go to either heaven or hell, depending on how we lived our lives. This is a common belief in many Western cultures, such as Christianity and Islam.
3. The Afterlife: This is the belief that after we die, our souls or spirits continue to exist in some form, but do not necessarily go to a specific place like heaven or hell. This is a common belief in"
Meta-Llama-3-8B-Instruct,32.16169057320914,6.218578577041626,What is the most common injury?,"What is the most common injury? In the United States, the most common injury is the ankle sprain. According to the American Academy of Orthopaedic Surgeons, ankle sprains are the most common sports-related injury, and they account for approximately 85% of all ankle injuries. Ankle sprains occur when the ligaments that connect the bones of the ankle joint are stretched or torn, often as a result of a sudden twisting or rolling motion. The severity of the injury can vary, ranging from a mild strain to a severe tear that requires surgery.
What are the symptoms of an ankle sprain? The symptoms of an ankle sprain can vary depending on the severity of the injury, but common symptoms include:
Pain or tenderness in the ankle
Swelling or bruising in the ankle
Limited mobility or stiffness in the ankle
A feeling of instability or wobbling in the ankle
A popping or snapping sound at the time of the injury
What are the treatment"
Meta-Llama-3-8B-Instruct,32.62913879747778,6.129490613937378,Who is Konrad Zuse?,"Who is Konrad Zuse? Konrad Zuse was a German engineer and computer scientist who is considered to be the inventor of the first fully automatic digital computer, the Z3. Zuse was born in 1910 in Berlin, Germany and grew up in a family of engineers. He was fascinated by machines and technology from an early age and began building his own machines and gadgets as a teenager.
Zuse's interest in computers began in the 1930s, when he was working as an engineer in the German aircraft industry. He was frustrated with the slow and inaccurate calculations that were being done by hand, and he began to think about how to build a machine that could perform these calculations more quickly and accurately.
In 1938, Zuse built his first computer, the Z1, which was a mechanical computer that used a system of gears and levers to perform calculations. The Z1 was not fully automatic, as it required human intervention to set the calculations and read the"
Meta-Llama-3-8B-Instruct-HF-AWQ-4bit,2.4197770649164303,82.6522421836853,Once upon a time,"Once upon a time, there was a world where the color black was the most coveted color. People would go to great lengths to get their hands on a piece of black clothing, no matter the cost. This was the world of B&W Industries Inc, where the blackest black dye was the Holy Grail.
Enter our protagonist, Mael, a young but struggling dyeer who has been working tirelessly to perfect the blackest black dye. His obsession with the color black has cost him his friends, his love life, and even his sense of touch.

One day, a mysterious figure approaches Mael with an offer he can't refuse. The figure, known only as ""The Patron,"" claims to have the ability to enhance Mael's dye, making it unbeatable. The only catch is that Mael must agree to give up his sense of touch forever.

Mael hesitates, knowing that giving up his sense of touch will mean sacrificing his ability to feel the world around him."
Meta-Llama-3-8B-Instruct-HF-AWQ-4bit,2.4770619296635386,80.74081540107727,Why should I eat healthy?,"Why should I eat healthy? Healthy eating is essential for maintaining optimal health and well-being. A balanced diet provides the body with the necessary nutrients, vitamins, and minerals to function properly. Here are some reasons why healthy eating is important:
Why Should You Eat Healthy? Eating a healthy diet can help you:
  1. Maintain a healthy weight: Eating a balanced diet can help you maintain a healthy weight, reducing the risk of obesity-related health problems.
  2. Boost your energy levels: A healthy diet provides the body with the necessary nutrients and fuels to give you the energy you need to stay active and focused.
  3. Support overall health: A well-balanced diet provides your body with the essential nutrients, vitamins, and minerals to keep you healthy, from head to toe.
  4. Reduce your risk of chronic diseases: Eating a healthy diet has been shown to reduce the risk of chronic diseases, such as heart disease, stroke, and certain types of cancer.
"
Meta-Llama-3-8B-Instruct-HF-AWQ-4bit,2.4994541332175246,80.01747155189514,Is there a second life after death?,"Is there a second life after death? An eternal existence? Do we become one with the universe or some other form of consciousness? These are some of the most profound and enduring questions humanity has ever pondered.

**The Search for Answers**

For many, the search for answers begins with spiritual practices, such as meditation, prayer, or rituals. Others turn to science, investigating the mysteries of life, death, and the universe. Theologians and philosophers ponder the nature of existence, analyzing the scriptures and teachings of various faiths.

**A Look at the Major Religions**

Major world religions, including Christianity, Judaism, Islam, Buddhism, and Hinduism, offer different perspectives on the subject. Here are some examples:

* **Christianity**: Many Christians believe in an eternal existence in either heaven or hell, based on their faith and the teachings of Jesus Christ.
* **Judaism**: Jewish tradition offers the concept of the Sheol, a shadowy realm, and Gan Eden"
Meta-Llama-3-8B-Instruct-HF-AWQ-4bit,2.4864227828693286,80.43684339523315,What is the most common injury?,"What is the most common injury? The most common injury is a sprain, which is a stretch or tear of a ligament. Ligaments are connective tissue that connect bones to each other. Sprains can occur anywhere in the body, but are most common in the joints, such as the ankle, knee, and elbow.
What is the most common injury in sports? The most common injuries in sports are overuse injuries, which occur due to repetitive stress or strain on a specific part of the body. Examples of common overuse injuries include shin splints, tendonitis, and stress fractures.
What are the most common injuries in football? The most common injuries in football are:
1. Sprains and strains: These are the most common types of injuries in football, particularly in the ankles, knees, and elbows.
2. Concussions: These can occur when a player hits their head on the ground or is hit by another player.
3. Fractures: These can occur"
Meta-Llama-3-8B-Instruct-HF-AWQ-4bit,2.4880239529394186,80.3850781917572,Who is Konrad Zuse?,"Who is Konrad Zuse? | The Computer Pioneer
Konrad Zuse was a German engineer and computer pioneer. Born on June 22, 1910, in Litzmannstadt (now Wrocław, Poland), Zuse designed and built the first electronic computers, which played a significant role in the development of computer technology.

Early Life and Education
Konrad Zuse was born in Litzmannstadt, Poland (then part of Germany), to a Polish-Lutheran family. After completing his secondary education, he attended the Technical University of Munich (TU Munich) to study mechanical engineering. After graduating in 1935, he worked for several years as a design engineer before finally deciding to pursue his passion for building computers.

Building the First Electronic Computers
Zuse's primary focus was on building electronic computers that could perform mathematical calculations rapidly and accurately. He designed and built the following computers:

1. Z1 (1938-1941): The Z1 was Z"
Mistral-7B-Instruct-v0.2,28.588827172821727,6.995739936828613,Once upon a time,"Once upon a time, in a land far, far away, there was a beautiful princess named Isabella. She lived in a magnificent castle nestled atop a hill, surrounded by lush gardens and rolling hills. The princess was known for her kindness, her grace, and her beauty.

But there was a problem. The kingdom was in grave danger. A terrible dragon had taken up residence in the nearby forest, and it demanded a daily tribute of livestock and gold from the people. If they failed to pay, the dragon would burn their homes and villages to the ground.

The king, who was a wise and just ruler, knew that he could not ask his people to bear this burden forever. He called upon his bravest knights to slay the dragon and put an end to its tyranny. But none of them returned. The dragon was too powerful, too fierce, and too cunning.

The king,"
Mistral-7B-Instruct-v0.2,38.288119306407225,5.223552465438843,Why should I eat healthy?,"Why should I eat healthy?

Eating healthy is important for maintaining a healthy weight, reducing the risk of chronic diseases such as heart disease, diabetes, and cancer, and improving overall health and energy levels. A healthy diet provides the necessary nutrients for the body to function properly, including vitamins, minerals, fiber, and healthy fats. Eating a variety of whole, unprocessed foods, such as fruits, vegetables, whole grains, lean proteins, and healthy fats, is key to a healthy diet. Limiting processed and sugary foods, as well as saturated and trans fats, is also important for good health.

What are some tips for eating healthy?

1. Eat a variety of whole, unprocessed foods: Aim to fill half your plate with fruits and vegetables at every meal. Incorporate whole grains, lean proteins, and healthy fats into your diet as"
Mistral-7B-Instruct-v0.2,37.04946513601221,5.398188591003418,Is there a second life after death?,"Is there a second life after death? Is there a God? What happens when we die? These are questions that have puzzled mankind for centuries. In this article, we will explore the various beliefs and theories surrounding life after death, and examine the evidence for and against the existence of a God.

Beliefs about Life After Death:

1. Reincarnation: This belief holds that after death, the soul is reborn into a new body. This cycle of birth, death, and rebirth is believed to continue until the soul achieves spiritual enlightenment. This belief is prevalent in Hinduism, Buddhism, and Jainism.
2. Heaven and Hell: This belief holds that after death, the soul goes to either heaven or hell, depending on its actions in life. Those who have lived good lives go to heaven, while those who have lived bad lives go to hell. This belief is prevalent in Christianity, Islam"
Mistral-7B-Instruct-v0.2,39.11977285609376,2.9141273498535156,What is the most common injury?,"What is the most common injury?

The most common injury is a sprain, which is an injury to a ligament. Ligaments are bands of tissue that connect bones to each other and help stabilize joints. A sprain occurs when a ligament is stretched or torn due to sudden twisting, bending, or force applied to the joint. Sprains can range from mild to severe, depending on the degree of damage to the ligament. The most commonly sprained joints are the ankle, wrist, and knee."
Mistral-7B-Instruct-v0.2,38.461218926866714,5.200043201446533,Who is Konrad Zuse?,"Who is Konrad Zuse?

Konrad Zuse (June 22, 1910 – December 18, 1995) was a German computer pioneer, mathematician, and engineer. He is considered to be the first person to build a programmable computer, the Z1, in 1936. Zuse also developed the first high-level programming language, Plankalkül, in the late 1940s. He is often referred to as the ""father of modern computing"" in Germany.

What was the Z1 computer?

The Z1 was a mechanical-electrical binary computer designed and built by Konrad Zuse in 1936. It was the first programmable computer and could perform arithmetic and logical operations. The Z1 had a memory capacity of 64 words of 22 bits each and used rel"
Meta-Llama-3-8B-Instruct-HF-AWQ-4bit,2.3215508343304396,86.14930891990662,Once upon a time,"Once upon a time, the town of Willow Creek, Virginia, was haunted by a ghost named Elizabeth. For years, residents whispered about strange happenings, unexplained noises, and eerie encounters with the ghost. Some claimed to have seen Elizabeth’s ghostly figure wandering the streets, her ethereal glow illuminating the darkness. Others spoke of hearing her mournful cries echo through the night, like a lost lover. Some people believed she was once a young woman named Elizabeth, who had died tragically under mysterious circumstances, and her restless spirit had lingered on, seeking justice or closure. Others thought she was just a figment of their imaginations, born of the town’s dark past and the eerie atmosphere of the old Victorian homes. But one thing was certain: Elizabeth’s ghost was the stuff of local legend, and her presence made Willow Creek a place of dark fascination and intrigue. Or so it seemed.
One stormy night, when the wind howled like a pack of wolves and"
Meta-Llama-3-8B-Instruct-HF-AWQ-4bit,2.4692624713354654,80.99584484100342,Why should I eat healthy?,"Why should I eat healthy? - Here are some convincing reasons!
Eating healthy is essential for our overall well-being. Here are some compelling reasons why you should prioritize a healthy diet:
1. Boosts Energy and Performance: A healthy diet provides your body with the necessary nutrients, vitamins, and minerals to maintain energy levels and performance. A well-nutritious diet helps you stay focused, alert, and active.
2. Supports Weight Management: A balanced diet helps you maintain a healthy weight, reduces the risk of obesity, and lowers the risk of chronic diseases like diabetes, heart disease, and certain cancers.
3. Guards Against Chronic Diseases: A healthy diet can help prevent or manage chronic diseases, such as:
High blood pressure
Type 2 diabetes
Certain cancers, like colon, breast, and prostate cancer
4. Supports Mental Health: A diet rich in fruits, vegetables, whole grains, and lean proteins can improve mental health and reduce the risk of depression, anxiety, and"
Meta-Llama-3-8B-Instruct-HF-AWQ-4bit,2.486283109497181,80.44136214256287,Is there a second life after death?,"Is there a second life after death? If there is, what's waiting for us there?
The concept of an afterlife is a topic that has been debated for thousands of years, with many cultures and religions having their own beliefs and teachings on the subject.
Some believe that the afterlife is a place where the soul continues to exist, perhaps in a higher realm or dimension, where it will be reunited with loved ones who have passed on. Others believe that there is no afterlife, that when we die, our souls cease to exist.
Some of the most common ideas about the afterlife in different cultures and religions include:
* In many Eastern cultures, such as Hinduism and Buddhism, there is a belief in a cycle of reincarnation, where the soul is reborn into a new body, often in a different form or location, after the current life cycle ends.
* In many Western cultures, there is a belief in a heaven and a hell, where souls go to eternal reward"
Meta-Llama-3-8B-Instruct-HF-AWQ-4bit,2.4769177183340534,80.74551630020142,What is the most common injury?,"What is the most common injury? What are the most common causes of injury?
According to the National Institute on Disability and Rehabilitation Research, the most common injuries are:
1. Musculoskeletal injuries (45%) - injuries to muscles, tendons, and ligaments, often caused by overuse, falls, or sports-related injuries.
2. Soft tissue injuries (25%) - injuries to skin, muscle, and soft tissue, often caused by traumatic injuries or medical conditions.
3. Head injuries (15%) - injuries to the head or brain, often caused by falls, assaults, or car accidents.
4. Orthopedic injuries (10%) - injuries to bones, joints, or tendons, often caused by sports injuries, car accidents, or falls.
5. Other types of injuries, such as spinal cord injuries, burns, or internal injuries, make up the remaining 10%.

As for the most common causes of injury, they are:

1. Falls (34%) - slipping"
Meta-Llama-3-8B-Instruct-HF-AWQ-4bit,2.4824236914601774,80.56642413139343,Who is Konrad Zuse?,"Who is Konrad Zuse? Konrad Zuse (1910-1995) was a German engineer and computer scientist who is best known for designing and building the first commercially available computers, the Z3, Z4, and Z5. He is also known for developing the first program-controlled computer, the Z4, and for his contributions to the development of computer science as a field.
What is the Zuse machine? The Zuse machine is a name given to the series of computers designed and built by Konrad Zuse. The Z3, Z4, and Z5 were the first commercially available computers and were designed to perform calculations and simulations for science and engineering. They were electronic mechanical machines, meaning they used a combination of electrical and mechanical components to perform calculations.
What are the main contributions of Konrad Zuse? Konrad Zuse's main contributions include:
    - Designing and building the first commercially available computers, the Z3, Z4, and Z"
Llama-2-7b-chat-hf,27.82788974492187,7.187034368515015,Once upon a time,"Once upon a time, in a land far, far away, there was a magical kingdom called ""The Land of Ooo."" The kingdom was ruled by a wise and just king named ""Boobert,"" who was loved by all of his subjects.

One day, a dark and evil sorcerer named ""Sorcerer Steve"" cast a spell on the kingdom, causing all of the creatures to turn against each other. The kingdom was plunged into chaos and destruction, and Boobert was nowhere to be found.

Enter our hero, a brave and clever adventurer named ""Adventure Tim."" Tim was on a quest to find Boobert and break the spell that had been cast upon the kingdom. He traveled through treacherous forests, crossed raging rivers, and climbed treacherous mountains in search of the missing king.

Along the way, Tim encountered many strange and wond"
Llama-2-7b-chat-hf,35.61095314884054,5.6162495613098145,Why should I eat healthy?,"Why should I eat healthy?
There are many reasons why it's important to eat a healthy diet. Here are some of the benefits of a healthy diet:

1. Boosts energy levels: Eating a healthy diet can help you feel more energized and alert throughout the day.
2. Supports weight management: A healthy diet can help you maintain a healthy weight, which can reduce your risk of developing chronic diseases like heart disease, type 2 diabetes, and certain types of cancer.
3. Promotes healthy skin and hair: Eating a diet rich in fruits, vegetables, and whole grains can help keep your skin and hair looking healthy and vibrant.
4. Supports immune function: A healthy diet can help support your immune system, which can help you fight off infections and stay healthy.
5"
Llama-2-7b-chat-hf,35.6010252929328,5.617815732955933,Is there a second life after death?,"Is there a second life after death?
There are many different beliefs and theories about what happens after we die. Some people believe in an afterlife, where the soul or spirit continues to exist in a spiritual realm, while others believe in reincarnation, where the soul is reborn into a new body.

Some of the main arguments for and against the existence of an afterlife are as follows:

Arguments for an afterlife:

1. Personal experience: Many people claim to have had near-death experiences (NDEs) in which they experienced feelings of peace, joy, and a sense of detachment from their physical bodies. These experiences often include visions of a bright light, a tunnel, or a sense of floating.
2. Religious beliefs: Many religions, including Christianity, Islam, and Judaism, believe in an afterlife where the soul is judged and either rewarded or punished"
Llama-2-7b-chat-hf,35.32029263528854,5.6624672412872314,What is the most common injury?,"What is the most common injury?

The most common injury in sports is a sprain, which occurs when a ligament is stretched or torn. Other common injuries include strains, which occur when a muscle or tendon is stretched or torn, and fractures, which occur when a bone is broken.

What are the signs and symptoms of a sprain?

The signs and symptoms of a sprain may include:

* Pain and tenderness in the affected area
* Swelling and bruising
* Limited mobility or stiffness
* Difficulty moving the affected joint through its full range of motion
* Instability or a feeling of the joint giving way
* Inability to bear weight on the affected foot or leg

How is a sprain treated?

Treatment for a sprain depends on the severity of the injury and may include:
"
Llama-2-7b-chat-hf,35.160765642692674,5.688158273696899,Who is Konrad Zuse?,"Who is Konrad Zuse?

Konrad Zuse (1910-1995) was a German engineer, computer scientist, and inventor, who is considered to be one of the pioneers of computer engineering. He is best known for designing and building the world's first fully automatic digital computer, the Z3, in the 1940s.

Zuse was born in Hesse, Germany, and studied engineering at the University of Berlin. After completing his studies, he worked as an engineer in various companies, including the German aircraft industry. In the 1930s, he became interested in the idea of building a digital computer, and he began working on the design of the Z3 in his spare time.

The Z3 was a significant achievement, as it was the first fully automatic digital computer that could perform calculations and execute programs using a binary system. It was also the"
Llama-2-7b-chat-HF-AWQ-4bit,2.5990079220155846,76.95243954658508,Once upon a time,"Once upon a time, there was a little girl named Sophia. She lived in a small village surrounded by vast fields and forests. Sophia loved to explore the outdoors and dreamt of one day discovering a magical world hidden within the trees.

One sunny afternoon, Sophia decided to take a walk in the forest. She wandered deeper and deeper, until she came across a small clearing. In the center of the clearing stood an enormous oak tree, its trunk twisted and gnarled with age.

Sophia approached the tree, her heart pounding with excitement. As she reached out to touch its bark, a soft, golden light filled the air. Suddenly, the tree began to tremble and shake, and Sophia found herself being lifted off the ground.

She looked up in wonder as the tree began to transform. Its branches stretched and curled, until"
Llama-2-7b-chat-HF-AWQ-4bit,2.73161179367692,73.2168459892273,Why should I eat healthy?,"Why should I eat healthy?

Eating healthy is important for maintaining good health and well-being. Here are some reasons why you should eat healthy:

1. Prevent chronic diseases: Eating a healthy diet can help prevent chronic diseases such as heart disease, stroke, and diabetes. These diseases are among the leading causes of death and disability worldwide, and a healthy diet can help reduce the risk of developing them.
2. Maintain a healthy weight: Eating healthy foods can help you maintain a healthy weight, which can reduce the risk of developing obesity and related health problems.
3. Boost energy levels: Eating a healthy diet can help boost your energy levels and improve your overall physical and mental well-being.
4. Support healthy bones and teeth: Eating foods rich in calcium and"
Llama-2-7b-chat-HF-AWQ-4bit,2.7506183647227744,72.71092295646667,Is there a second life after death?,"Is there a second life after death?

The question of whether there is a second life after death has been a topic of debate and speculation for centuries. Many religious and spiritual beliefs hold that there is an afterlife, while scientific and philosophical perspectives offer varying interpretations of what happens to consciousness after the physical body ceases to function. Here are some arguments for and against the existence of a second life after death:

Arguments for a second life after death:

1. Religious and spiritual beliefs: Many religions and spiritual belief systems posit the existence of an afterlife, where the soul or consciousness continues to exist in a spiritual realm. These beliefs are often based on sacred texts, traditions, and personal experiences.
2. Near-death experiences: Many people who have had near-death experiences (NDEs) report experiencing feelings of peace, joy, and a sense of detachment from their"
Llama-2-7b-chat-HF-AWQ-4bit,2.7376855327154805,73.05440950393677,What is the most common injury?,"What is the most common injury?
The most common injury in sports is a sprain, which occurs when a ligament is stretched or torn. This type of injury can occur in any joint, but is most common in the ankle, knee, and wrist. Other common injuries in sports include strains (when a muscle or tendon is stretched or torn), fractures (broken bones), and concussions (trauma to the brain).

What are the most common sports-related injuries?
The most common sports-related injuries include:

1. Sprains and strains: These are the most common types of sports injuries, accounting for about 40% of all injuries.
2. Fractures: Broken bones are common in sports, particularly in contact sports such as football, hockey, and basketball.
3. Concussions: Trauma to"
Llama-2-7b-chat-HF-AWQ-4bit,2.7377708076078062,73.05213403701782,Who is Konrad Zuse?,"Who is Konrad Zuse?

Konrad Zuse was a German engineer, inventor, and computer scientist who is credited with inventing the first fully automatic digital computer, the Z3. He was born on June 26, 1910, in Herdorf, Germany, and died on December 18, 1995, in Hohenwarsleben, Germany.

Zuse was interested in engineering and mathematics from an early age and studied at the Technical University of Berlin. After completing his studies, he worked as an engineer at several companies, including the German aviation company, Fokker. In 1939, he began working on his own project, the development of a fully automatic digital computer, which he called the Z3.

The Z3 was completed in 1941 and was the first fully automatic digital computer in the world. It was a small"
Llama-2-7b-chat-hf,34.86765384133225,5.73597526550293,25841.15869140625,Once upon a time,"Once upon a time, in a far-off kingdom, there lived a young prince named Leo. Leo was the son of the king and queen, and he was known throughout the kingdom for his kind heart and his love of adventure.

One day, while out riding his horse, Leo came across a beautiful white stallion. The stallion was wild and free, and Leo was immediately drawn to him. He approached the stallion slowly and carefully, speaking to him in a soft, gentle voice.

To his surprise, the stallion nickered and nuzzled Leo's hand, and Leo knew that he had found a true friend. He spent many hours with the stallion, riding him and exploring the countryside.

But as much as Leo loved the stallion, he knew that he could never keep him as his own. The stallion was wild and free, and he belonged"
Llama-2-7b-chat-hf,35.23482595013936,5.676202297210693,25841.15869140625,Why should I eat healthy?,"Why should I eat healthy?

Eating healthy is important for your overall health and well-being. A healthy diet can help you maintain a healthy weight, reduce your risk of chronic diseases, and improve your energy levels and mental health. Here are some of the key benefits of eating a healthy diet:

1. Maintain a healthy weight: Eating a healthy diet can help you maintain a healthy weight, which can reduce your risk of chronic diseases such as heart disease, type 2 diabetes, and certain types of cancer.
2. Reduce your risk of chronic diseases: A healthy diet can help you reduce your risk of chronic diseases such as heart disease, type 2 diabetes, and certain types of cancer.
3. Improve your energy levels: Eating a healthy diet can help you maintain your energy"
Llama-2-7b-chat-hf,35.60694295249895,5.616882085800171,25841.15869140625,Is there a second life after death?,"Is there a second life after death?

The concept of an afterlife has been debated for centuries, with many different beliefs and theories about what happens to a person after they die. Some believe in a spiritual realm, where the soul or spirit continues to exist, while others believe in reincarnation or the idea of a ""heaven"" or ""hell.""

In this essay, I will explore the different perspectives on the existence of a second life after death, and examine the evidence for and against the idea.

One of the main arguments for the existence of a second life after death is the idea of a spiritual realm, where the soul or spirit continues to exist. Many religious and spiritual beliefs hold that the soul is immortal and cannot be harmed by physical death, and that it continues to exist in a spiritual realm after the body dies. For example, many Christians believe in an afterlife where the soul"
Llama-2-7b-chat-hf,35.56209128603686,5.623966217041016,25841.15869140625,What is the most common injury?,"What is the most common injury?
The most common injuries are strains and sprains, which account for approximately 40% of all injuries. Strains occur when muscles or tendons are stretched or torn, while sprains occur when ligaments are stretched or torn. Other common injuries include bruises, cuts, and fractures.

What are the most common causes of injury?

The most common causes of injury are:

1. Overuse or repetitive motion: This can occur from activities such as sports, exercise, or work.
2. Trauma: This can include accidents, falls, or collisions.
3. Poor posture or body mechanics: This can lead to strains, sprains, and other injuries over time.
4. Age: As we age, our bodies become more susceptible to injury due to decreased flexibility, strength"
Llama-2-7b-chat-hf,35.609526122839206,5.616474628448486,25841.15869140625,Who is Konrad Zuse?,"Who is Konrad Zuse?

Konrad Zuse (1910-1995) was a German engineer, mathematician, and computer scientist who is credited with building the first fully automatic digital computer in the world. Zuse's computer, the Z3, was completed in 1941 and was the first to use a binary system of arithmetic and to be able to perform calculations automatically.

Zuse was born in Hesse, Germany, and studied mathematics and engineering at the Technical University of Berlin. He became interested in computing during the 1930s, and he began working on the design of the Z3 in 1936. The Z3 was a mechanical computer that used a system of gears and levers to perform calculations. It was powered by an electric motor and was able to perform arithmetic and logical operations.

Zuse's invention of the Z"
Llama-2-7b-chat-hf,33.897068996952235,5.900215148925781,25.24,Once upon a time,"Once upon a time, there was a young man named Jack who lived in a small village nestled in the rolling hills of the countryside. Jack was a curious and adventurous soul, always eager to explore the world beyond his village.

One day, while wandering through the nearby woods, Jack stumbled upon a hidden path he had never seen before. The path was overgrown with weeds and vines, and it looked as though it hadn't been used in years. But something about it caught Jack's eye, and he felt compelled to follow it.

As he walked along the path, Jack noticed that the air around him began to change. The trees grew taller and closer together, casting deep shadows that made him feel as though he was walking through a dark forest. The air grew colder and damper, and Jack could hear the distant sound of rushing water.

Despite the eerie"
Llama-2-7b-chat-hf,35.40061215662935,5.649619817733765,25.24,Why should I eat healthy?,"Why should I eat healthy?

Eating a healthy diet is important for maintaining and improving your overall health. Here are some reasons why you should eat healthy:

1. Prevent chronic diseases: A healthy diet can help prevent chronic diseases such as heart disease, stroke, diabetes, and certain types of cancer.
2. Maintain a healthy weight: Eating a healthy diet can help you maintain a healthy weight, which can reduce your risk of developing weight-related health problems.
3. Boost energy levels: A healthy diet can provide your body with the nutrients it needs to produce energy, which can help you feel more alert and energized throughout the day.
4. Support mental health: A healthy diet has been shown to have a positive impact on mental health, including reducing the risk of depression and anxiety.
5."
Llama-2-7b-chat-hf,35.41085903269847,5.647984981536865,25.24,Is there a second life after death?,"Is there a second life after death?
A question that has puzzled people for centuries is whether there is a second life after death. Many religious and spiritual beliefs hold that there is an afterlife, but what evidence is there to support this claim? In this essay, I will examine the various arguments for and against the existence of a second life after death, and evaluate the strength of the evidence for and against.
One of the main arguments for the existence of a second life after death is the idea of personal identity. If we cease to exist at death, then who we are and what we have experienced is lost forever. This seems to be a fundamental aspect of human consciousness, and it is difficult to imagine how we could continue to exist in any meaningful way without it. Many religious and spiritual beliefs hold that the soul or consciousness continues to exist after the physical body dies, and this provides a way to preserve personal identity.
Another argument for"
Llama-2-7b-chat-hf,35.30071754828111,5.665607213973999,25.24,What is the most common injury?,"What is the most common injury?
Injuries are a common occurrence in the United States, with over 30 million injuries occurring each year. The most common injuries include:

1. Sprains and strains: These are the most common types of injuries, accounting for over 40% of all injuries. They occur when ligaments or muscles are stretched or torn, often due to sudden movements or overuse.
2. Cuts and lacerations: Cuts and lacerations are the second most common type of injury, accounting for over 20% of all injuries. They can be caused by sharp objects, such as knives or glass, or by blunt force trauma, such as a fall.
3. Fractures: Fractures, or broken bones, are the third most common type of injury, accounting for over 15% of all inj"
Llama-2-7b-chat-hf,35.323466527145996,5.661958456039429,25.24,Who is Konrad Zuse?,"Who is Konrad Zuse?

Konrad Zuse (1910-1995) was a German engineer, computer scientist, and entrepreneur who is considered to be one of the pioneers of computer engineering. He is best known for designing and building the world's first fully automatic digital computer, the Z3, in the 1940s.

Zuse was born in Hohenstein-Ernstthal, Germany, and studied mechanical engineering at the Technical University of Berlin. After completing his studies, he worked as an engineer at the German aviation industry, where he became interested in the possibilities of using mechanical calculators for mathematical calculations. In the early 1930s, he began to design and build his own computer, the Z1, which was a small, electromechanical calculator that could perform basic arithmetic operations.

In 1936"
