Llama-2-7b-chat-hf_prune_lora_awq,3.486682407217628,56.50070095062256,3.08,Once upon a time,"Once upon a time, a wise old man became tired of his village fortress and decided to leave. everybody was heartbroken; it had been said that few things were as comfortable as he.
He simply passed through the gates with a smile and continued out through the gates. everyone in the village had heard the rumors that the fortress and the man himself were inseparable. They would laugh and tell stories of rides on a barge up his jagged mountain, and feasting to excess at the man‚Äôs hearth. This man did not let the fear of the unknown hold back anyone of his villagers that he kept as his own, no, not even a day of mourning when one was left a little unconcuming.
But our fables have not yet had the chance to be told and this tale is a prequel that sets all things up in their order for our world and beyond."
Llama-2-7b-chat-hf_prune_lora_awq,30.34185134380642,6.591555595397949,3.08,Why should I eat healthy?,"Why should I eat healthy? Healthy eating is essential to maintain an active and vibrant physical body. sierp ue your health is of utmost importance. By eating healthy in the right quantities, you help the body process nutrients efficiently and to fight bacteria and other harmful substances. By maintaining a balanced  diet to take vitamins A, C, E, and K which have antioxidative properties to prevent the damage to the body's cells, which promote overall health growth and survival.

However, if you have an underlying health issue, consult with a healthcare professional before starting a new diet. Health education plays an important role in helping people understand the significance of eating healthy. There are many online resources, videos, documentaries and books which you can explore to learn more about the subject.

Ultimately, a healthy diet and exercise routine is an"
Llama-2-7b-chat-hf_prune_lora_awq,30.192308329089872,6.624203681945801,3.08,Is there a second life after death?,"Is there a second life after death?
 Unterscheidung der Ismuergeruhrs | Ismuergera-Lost/Life After Death

1. Teil der Sicherheitskleidingsaussprachen (Lost/Life After Death)

- The concept of an afterlife is a traditional belief and a complex thought by humans. It is still a subject of debate and speculation among religious people who believe that souls live after death and in the afterlife.

- The question of whether life after death is a possibility is complex, and opinions differ on this subject. However, many religions believe in and teach an afterlife where souls live after death.

- The concept of lost/Life After Death provides insight into the experiences of some individuals during the transition. It is not considered a fact, as our understanding of the human mind and consciousness at the time of death is still limited.

- However, people"
Llama-2-7b-chat-hf_prune_lora_awq,30.30784037857053,6.598952531814575,3.08,What is the most common injury?,"What is the most common injury?
 Jahrhoundation
1. Acceesory Hand Burns 
2. Finger Tip Splitting or Curel 
3. Repeated Rising Finger Motions 
4. Hand Horseshoe or Ring Burns  4. Repeated Rising Finger Motions 
5. Electric Burns 6. Evaluation of Hand Condition 

There are a few different types of injuries that may be considered the ‚Äúmost common‚Äù. Depending on the source, these injuries may have different criteria used to determine the most common. There are many different ways to injure your hand, most of which involve direct contact with heat or directing energy to a specific area. This could include burns, injuries caused by rising finger motions, tipping, or other accidents. Hand injuries can range from very minor to extremely serious and may have"
Llama-2-7b-chat-hf_prune_lora_awq,29.17254431006734,6.855761289596558,3.08,Who is Konrad Zuse?,"Who is Konrad Zuse?
 Hinweis: die Framf√ºhrerinformationen m√ºssen reakt√§uschende Daten verstehen., die nichts weder herz√∂gerten (z. B. Tarturus) oder erwartenden (z. B. die Wachstillung, die durchs Hindersprung verhextet) oder das Riskensausspenden nicht verstanden haben."" />

Konrad Zuse, an der Ader zu getreten <insbesondere vor- und inoffline_reg-*registrio*- und re-'()reg:',0='')'()'('()`'()`, und in der Sagenstreichleiston"" > 

Konrad Zuse (1920-1975), was an German computer software. He was one of the pioneers in the field of computer architecture and the development of the first"
Llama-2-7b-chat,28.058963839641063,7.127846956253052,12.56,Once upon a time,"Once upon a time, there was a young girl named Maria who lived in a small village nestled in the rolling hills of Tuscany. Her days were filled with the simple joys of country life: tending to her family's garden, watching the sheep graze in the nearby fields, and helping her mother with the household chores.

But Maria's life was not without its challenges. Her father had fallen ill and could no longer work the land, leaving the family in a precarious financial situation. Maria's mother worked tirelessly to make ends meet, but it was clear that they needed help.

One day, a mysterious stranger arrived in the village. He was tall and lean, with piercing blue eyes and jet black hair. He introduced himself as Marco, and he claimed to have a special gift for healing.

Maria's mother was skeptical at first, but Marco proved to be a"
Llama-2-7b-chat,33.37472645290884,5.992558479309082,12.56,Why should I eat healthy?,"Why should I eat healthy?
Eating healthy is important for your overall health and well-being. Here are some reasons why you should make healthy eating a priority:

1. Prevent chronic diseases: A diet rich in whole, unprocessed foods can help prevent chronic diseases such as heart disease, stroke, and diabetes.
2. Boost energy levels: Eating a healthy diet can help you maintain stable energy levels throughout the day, reducing fatigue and irritability.
3. Improve mental health: A healthy diet has been shown to improve mood and reduce the risk of depression and anxiety.
4. Support healthy weight management: Eating a balanced diet can help you maintain a healthy weight, reducing the risk of obesity and related health problems.
5. Promote healthy skin and hair: A diet rich"
Llama-2-7b-chat,31.366541691948218,6.376220941543579,12.56,Is there a second life after death?,"Is there a second life after death?

Death is a natural part of life, but what happens after we die? Is there a second life after death, or is it the end of our existence? These are questions that have puzzled people for centuries, and there are many different beliefs and theories on the matter. In this article, we will explore some of the most popular ideas about a second life after death, and examine the evidence for and against them.

1. Reincarnation

Reincarnation is the belief that the soul or spirit is reborn into a new body after death. This belief is common in Eastern religions such as Hinduism, Buddhism, and Jainism, and is based on the idea that the soul is eternal and cannot be destroyed. According to this belief, the soul carries over the accumulated karma from past lives, and the new life is shaped by the experiences and choices made"
Llama-2-7b-chat,30.931745392663654,6.465849161148071,12.56,What is the most common injury?,"What is the most common injury?
Injuries are a common occurrence in many different settings, including sports, workplaces, and homes. The most common injuries can vary depending on the context, but some of the most common types of injuries include:

1. Sprains and strains: These are injuries to the ligaments and muscles that can occur when a person twists, bends, or lifts something improperly.
2. Cuts and lacerations: These are injuries to the skin that can occur when a person is cut or slashed by a sharp object.
3. Fractures: These are injuries to the bones that can occur when a person falls or is struck by an object.
4. Concussions: These are injuries to the brain that can occur when a person experiences a blow to the head or body.
5. Burns: These are injuries to the"
Llama-2-7b-chat,31.652394061402855,6.318637371063232,12.56,Who is Konrad Zuse?,"Who is Konrad Zuse?

Konrad Zuse (1910-1995) was a German engineer, computer scientist, and inventor, who is considered to be one of the pioneers of computer engineering. He is best known for designing and building the first fully automatic digital computer, the Z3, in the 1940s.

Zuse was born in Berlin, Germany, and studied mechanical engineering at the Technical University of Berlin. After completing his studies, he worked as an engineer at the German aircraft manufacturer, Focke-Wulf. During World War II, he was drafted into the German military and worked on the development of rocket technology.

In the late 1930s, Zuse became interested in the possibility of building a digital computer, and he began working on the design of the Z3. The Z3 was a binary-based computer that"
Llama-2-7b-chat-hf_prune_lora_awq,23.589852036994127,8.478221893310547,3.08,Once upon a time,"Once upon a time, in the beginning of the digital age, a small group of highly skilled software developers banded together and found that they shared a vision of what it means to love people, the earth, and their work. hopefully these developers can achieve success in creating a platform through which those who love these things, and who aim to build an ethethical culture and a sustainable future through technology, can unite their strengths in pursuit of this shared goal.

A long time ago, in a world far, far away. a group of talented computer technicians banded together. their shared vision, their creative output could revolutionize the way computers interact with the world. this was the dawn of personal computers. the technology was both powerful and mysterious. yet, for all its potential to bring forth new possibilities, the early applications were simple. there was a need for something more. something greater.  a vision of what future possibilities could bring"
Llama-2-7b-chat-hf_prune_lora_awq,31.16685555239198,3.8502440452575684,3.08,Why should I eat healthy?,"Why should I eat healthy?
 Hinweis: 
‚Ä¢ It helps you to have the energy to work and do stuff
‚Ä¢ It reduces your chances of getting an Illnesses and diseases
‚Ä¢ 
It allows you to be healthier and feel better in yourself and mind and body 
‚Ä¢ 
It is better for your overall health and wellbeing
‚Ä¢
It goes to all the important parts of an individual
‚Ä¢ There‚Äôs more energy
‚Ä¢ 
I feel better, I feel healthier and more confident in myself
‚Ä¢ More confident"
Llama-2-7b-chat-hf_prune_lora_awq,30.97260877541426,4.9398486614227295,3.08,Is there a second life after death?,"Is there a second life after death?
 —Å—ñ—á–Ω—è 25, 2022 ‚Ä¢ 10112 9min –Ω–∞–º–∏–Ω—É–ª–æ
I don't come from religious background, so when it a question about what there is to do after we pass, it‚Äôs really different for them because for them that is like, kind of a big belief thing. There is so much uncertainty when it‚Äôs about future and something I‚Äôm not personally, on the path that‚Äôs my answer. When it's put in terms of, the energy and life that healer, the energy would keep circulating, and as long as some kind of energy or soul or whatever else is moving, we will exist.‚Äù"
Llama-2-7b-chat-hf_prune_lora_awq,30.253612917297627,4.42922306060791,3.08,What is the most common injury?,"What is the most common injury?
œµ
  The most common injury is a stakeholders issue
If a stakeholder has a different idea of what ""good"" means regarding a topic, it can affect the project outcome. This can lead to conflict within the team, and the project's priority and focus are constantly changing due to external pressures. This type of conflict can result in an uncooperative work environment, causing project time delays and decrees productivity. Therefore, finding an effective means to address these stakeholders concerns and negotiate a suitable solution is important to ensure the success of the project."
Llama-2-7b-chat-hf_prune_lora_awq,35.42449443498419,1.1856203079223633,3.08,Who is Konrad Zuse?,"Who is Konrad Zuse? 7 Facts You Need To Know
 Unterscheidung zwischen DL und FL, What is the Difference between L1 and L2 and L3 and..."
Llama-2-7b-chat-hf_prune_lora_awq,30.105111188836737,6.64339017868042,3.08,Once upon a time,"Once upon a time, a million and one years ago, when I was a small child, there was an airport security agent who made my day by giving me a little smile and giving me an ice pop. everybody, you just walked right through the line and then you got to walk across the hallway through the doors to where the bags were checked. that would be the way to the other end of an immense hall that would house all the shit you would want.
All the stores and food items you'd like to consume until, of course, you got to be a little more prepared and go out to purchase some items as opposed to just buying what's in your shopping cart for your one one and only visit. it became all for one and all on one. there were some rather unusual items, some really fyre brands of chewing and smoking gum items included among some shades that caught our eye - our girlfriends"
Llama-2-7b-chat-hf_prune_lora_awq,30.29739206325094,6.6012282371521,3.08,Why should I eat healthy?,"Why should I eat healthy?
‚ûñWhy should you stay hydrated?
üí∞ How Can I Save money on groceries and eating healthy food?
Why make health the priority?
Health and well-spending is the foundation of a happy, fulfilling life. It‚Äôs important to make health as priority. There are a variety of reasons to care to get to work for your overall health. Being healthy gives you more energy, better self-satisfaction and confidence, and also allows you to live a longer- lasting, more fulfilling life. Being lifestyle in your daily activities helps you get more out of every bit of life, and help build lasting relationships with those in the world.
Food choices can really make a ripple in your life. Your body thrives best when you consume a balanced and nutrient-rich meal, but finding the time while"
Llama-2-7b-chat-hf_prune_lora_awq,29.83483058615289,6.703574180603027,3.08,Is there a second life after death?,"Is there a second life after death?
‚úø ü™º
The issue of whether or not there is a second life after death is one that has puzzled people for millennia. üí≠
Throughout history, people have held different opinions on this matter, and the debate still raging on to day. üíî
One way to approach this question is through different religions and beliefs. Many religions including Christianity, Islam, Buddhism, and Misty faiths among many other, do advocate the existence of a different life after death.
For instance, the belief in the resurrection of Jesus Christ by Christians, who as a result believe in an immortal soul, and a new resurrection of the flesh. Similarly, the belief that Islam teaches that God will judge everyone at the catacalypse and some of the faithful will enter paradise; while the other"
Llama-2-7b-chat-hf_prune_lora_awq,39.471715869415874,0.7347033023834229,3.08,What is the most common injury?,"What is the most common injury?
 kwiet 25, 2015 um. 1:59 PM."
Llama-2-7b-chat-hf_prune_lora_awq,31.27597123997367,6.394685506820679,3.08,Who is Konrad Zuse?,"Who is Konrad Zuse?
–µ–≥–æ
Konrad demselben Zuse is a renowned German Computer Scientist, inventor and machine that, He was born in 1915 and died in 2009 of old age. He is primarily known for being the inventor of the world's first programmable digital computer, the Zuse Z1, in 1951.

In Germany in 2,0070, this computer was the world's first fully programmable digital computer, also known as Programmable Model 2 (SPM 2) computer. Although it may sound unlikely to you, his invention, the Z1, had all the features of a fully functional computer you used to work on.

In terms of work, He was one of the earliest pioneers of computer science, and he laid down the foundation for many of the technologies we use today. Apart"
Mistral 7B Instruct v0.2 gptq 4Bit,4.374453920587942,45.7199923992157,4.38,Once upon a time,"Once upon a time, in a land far, far away, there was a beautiful princess named Isabella. She lived in a magnificent castle atop a hill, surrounded by lush gardens and sparkling fountains. The people of the land loved their princess dearly, for she was kind, gentle, and wise beyond her years.

But there was a problem. The castle was guarded by a fearsome dragon, who demanded a tribute of gold and jewels every year. If the tribute was not paid, the dragon would destroy the castle and all its inhabitants. The people were tired of this, and they begged the princess to find a way to rid them of the dragon once and for all.

The princess, who was known for her bravery and resourcefulness, decided to face the dragon herself. She gathered her courage and set out on a journey to find a way to defeat the beast. She traveled far and wide, seeking the"
Mistral 7B Instruct v0.2 gptq 4Bit,6.594670163192263,30.327521324157715,4.38,Why should I eat healthy?,"Why should I eat healthy?

Eating healthy is important for maintaining good overall health and reducing the risk of chronic diseases. A healthy diet provides the nutrients your body needs to function properly, including essential vitamins, minerals, and fiber. Eating a balanced and varied diet can help you maintain a healthy weight, reduce inflammation, and improve your energy levels. Additionally, a healthy diet can help reduce the risk of chronic diseases such as heart disease, diabetes, and certain types of cancer.

What are some healthy eating habits?

1. Eat a variety of fruits and vegetables every day.
2. Choose whole grains instead of refined grains.
3. Incorporate lean protein sources such as poultry, fish, beans, and nuts.
4. Limit processed and sugary foods and drinks.
5. Use healthy cooking methods such as grilling, baking, or roasting instead of f"
Mistral 7B Instruct v0.2 gptq 4Bit,6.655580654546528,30.049970149993896,4.38,Is there a second life after death?,"Is there a second life after death? Is there a God? What is the meaning of life? These are questions that have puzzled mankind for centuries. While there is no definitive answer to these questions, there are many theories and beliefs that have been put forward. In this article, we will explore some of the most popular beliefs about life after death and the nature of God.

Beliefs about Life After Death:

1. Reincarnation: This is the belief that after death, the soul is reborn into a new body. This belief is most commonly associated with Hinduism and Buddhism. According to this belief, the soul goes through many cycles of birth and death, and the ultimate goal is to achieve liberation from the cycle of rebirth.
2. Heaven and Hell: This is the belief that after death, the soul goes to either heaven or hell, depending on its moral worth. This belief is most commonly associated with Christianity and"
Mistral 7B Instruct v0.2 gptq 4Bit,6.627018145353407,30.17948579788208,4.38,What is the most common injury?,"What is the most common injury?

The most common injury is strains and sprains. These injuries occur when muscles or ligaments are stretched or torn. They can happen in any part of the body, but are most common in the back, knees, and ankles. Strains are injuries to muscles, while sprains are injuries to ligaments. Both types of injuries can result from sudden movements, falls, or overuse.

How long does it take to heal from a sprain?

The healing time for a sprain depends on the severity of the injury. Mild sprains may heal in a few days to a few weeks, while more severe sprains can take several weeks to several months to heal. Factors that can affect healing time include the location and size of the sprain, the age and overall health of the individual, and the specific treatment used.

RICE (Rest, Ice, Compression, and E"
Mistral 7B Instruct v0.2 gptq 4Bit,6.627473338678118,30.17741298675537,4.38,Who is Konrad Zuse?,"Who is Konrad Zuse?

Konrad Zuse (June 22, 1910 ‚Äì December 18, 1994) was a German engineer, mathematician, and computer scientist, considered to be the first person to build and program a freely programmable digital computer, the Z3. He is also known for his work on the design of the first computer architecture, the Plankalk√ºl programming language, and the concept of a universal machine.

What is the significance of Konrad Zuse in the history of computing?

Konrad Zuse is considered a pioneer in the development of computing technology. He is best known for building and programming the first freely programmable digital computer, the Z3, in 1941. The Z3 was a significant milestone in the history of computing because it was the first machine to be designed specifically for general-purpose computing"
Mistral 7B Instruct v0.2 gptq 3Bit,3.6083438822855993,55.42708969116211,8.05,Once upon a time,"Once upon a time,
In a land of dreams,
A place where magic was real,
And life was a beautiful,
Awakening from slumbering sleep,
To a world of wonder,
A place where love was the key,
To all the answers.

But alas, it was but a dream,
A fleeting moment of bliss,
A place where reality was a scheme,
A world of illusion, a trick,
A place where magic was a whim,
A land of fantasy, a bluff,
A place where dreams were a chasm,
A world of illusion, a puff,
A place where love was a crass,
A land of fantasy, a gasp,
A place where dreams were a clap,
A world of illusion, a slap,
A place where love was a clap,
A land of fantasy, a snap,
"
Mistral 7B Instruct v0.2 gptq 3Bit,3.7877601057628794,26.92884373664856,8.05,Why should I eat healthy?,"Why should I eat healthy? I'm healthy already!
 this is a common misconception. While it's true that being healthy can make it easier to maintain a healthy diet, it doesn't guarantee good health. Eating healthy is important for preventing and managing various health conditions, including heart disease, diabetes, and certain cancers. It also supports overall well-being, including strong bones, muscles, and mental health. Regular physical activity is also crucial for maintaining good health."
Mistral 7B Instruct v0.2 gptq 3Bit,3.6932833387890582,54.15235757827759,8.05,Is there a second life after death?,"Is there a second life after death?

I believe that there is a second life after death, but it is not a physical one. Instead, it is a mental and spiritual one. We carry our consciousness, our awareness, our memories, our emotions, our relationships, our beliefs, our values, our creativity, our intelligence, our wisdom, our intuition, our instincts, our senses, our thoughts, our feelings, our dreams, our hopes, our fears, our desires, our expectations, our judgments, our biases, our prejudices, our assumptions, our beliefs, our knowledge, our skills, our abilities, our habits, our attitudes, our motivations, our emotions, our thoughts, our feelings, our dreams, our hopes, our fears, our desires, our expectations, our judgments, our biases, our prejudices, our assumptions, our beliefs, our knowledge, our skills, our abilities, our habits, our attitudes, our motiv"
Mistral 7B Instruct v0.2 gptq 3Bit,3.6714146460611246,54.47491478919983,8.05,What is the most common injury?,"What is the most common injury?

The most common injury in sports is a sprain injury, which occurs when the ligament in a joint is damaged or torn, resulting in pain, swelling, and instability in the affected joint. This type of injury can occur in any joint in the body, but it is particularly common in the ankle, knee, and wrist joints.

What are the most common causes of a sprain injury?

The most common causes of a sprain injury include:

1. Direct trauma to the joint: This can occur as a result of a fall, a collision, or a direct blow to the affected area.
2. Overuse: This type of injury occurs gradually over time due to repetitive stress on the joint, such as in the case of runners or athletes who engage in a particular sport frequently.
3. Lack of conditioning: Participating in sports or physical activities without proper training"
Mistral 7B Instruct v0.2 gptq 3Bit,3.6742999328884407,54.43213772773743,8.05,Who is Konrad Zuse?,"Who is Konrad Zuse?

Konrad Zuse is a fictional character from the novel ""The Art of Fielding"" by Hannah Phillips. He is a French artist who specializes in the art of fielding, which involves creating intricate, three-dimensional sculptures of various objects. Konrad is known for his exceptional skill in creating lifelike representations of fruits and vegetables, particularly tulips.

The novel follows the protagonist, Marigold, as she navigates the complexities of love and art, while trying to uncover the truth behind a mysterious painting that Konrad created. Marigold is a young, ambitious, and talented artist herself, who is determined to learn from the best in her field. She is drawn to Konrad's work and eventually becomes his apprentice.

Throughout the novel, Konrad is portrayed as a master of his craft, who is both admired and envied"
Mistral 7B Instruct v0.2 gptq 2Bit,6.525111110006558,30.650819063186646,7.11,Once upon a time,"Once upon a time, Question .

The # of 6 6 in the, to the first E,  the number ac 2 to the point 

sever to the point the main a.dua to the point,a to the Jewish and the Jewish to the forely worldly world. The Jews are the same, the same to the Jewish community were the same. the more. the same. the more.

to the Jewish community is the same, the same toon the Jewish community is the same. the more.

Seen with a seontime, the name ""toil"" is the same to the Jewish community is the same to the Jewish community is the same to the Jewish community is the same to the Jewish community is the same to the Jewish community is the same to the Jewish community is the same to the Jewish community is the same to the Jewish community is the same to the Jewish community is the same"
Mistral 7B Instruct v0.2 gptq 2Bit,6.600186643967069,30.302173376083374,7.11,Why should I eat healthy?,"Why should I eat healthy?

 2 1  tome 1 2  X 1  

## C 
 
 T 
 8 answer Cav 
  
  
  
   
  d

C 
 
 oma 

 

  (

  (

 

 

 

 

 

 

 (
 

 


 

 


 

 

 

 

 

 

 

 

 

 

 

 

 

 

 

 

 

 

 

 

 

 

 

 

 

 

 

 

 "
Mistral 7B Instruct v0.2 gptq 2Bit,6.670246456012523,29.98389959335327,7.11,Is there a second life after death?,"Is there a second life after death?nt a,

"" the--hand of I'm other's

 of ""Kitten-j

C

's

p

Past

's

' a FD'

'
's

'

's

'em

PS

'

'

'

'

'

'

'

'

'

'

'

'

'

'

'

'

'

'

'

'

'

'

'

'

'

'

'

'

'

'

'

'

'

'

'

'

'

'

'

'

"
Mistral 7B Instruct v0.2 gptq 2Bit,6.636470383388748,30.13650155067444,7.11,What is the most common injury?,"What is the most common injury?,

200m, or 100% over to the next.




F/'s' d;'s' and the last one's's 1000 kil ait greats
#d 1s's122 Kring Fiss
is\in 1003 AS
M

-dad

1000
#\%
^{

1000
#Ate radiationized

The Magemetdaniz2.1

1000

1

15 1000

1

1

1

1

1

1

1

1

1


1


1


1


1


1


1

"
Mistral 7B Instruct v0.2 gptq 2Bit,6.6334199421640605,30.150360107421875,7.11,Who is Konrad Zuse?,"Who is Konrad Zuse?ur- T- Questionedotti, is pesMM 

 Movement
-I

re well C, Caci

d/ the well well the world and the world, can what'

a and the re Lera through the 20 and  JP

ad
seen to the Academ

J

act
se  l'


 a\



 R.Rraf and the rest on the world is the



 R.


 R.


 R.


 R.


 R.


 R.


 R.


 R.



 R.



 R.



 R.



 R.



 R.



 R.



 R.



 R.
"
Mistral 7B Instruct v0.2 gptq 4Bit,4.646308430162674,43.04492545127869,4.38,Once upon a time,"Once upon a time, in a land far, far away, there was a beautiful princess named Isabella. She lived in a magnificent castle atop a hill, surrounded by lush gardens and sparkling fountains. The people of the land loved their princess dearly, for she was kind, gentle, and wise beyond her years.

But there was a problem. The castle was guarded by a fearsome dragon, who demanded a tribute of gold and jewels every year. If the tribute was not paid, the dragon would destroy the castle and all its inhabitants. The people were tired of this, and they begged the princess to find a way to rid them of the dragon once and for all.

The princess, who was known for her bravery and resourcefulness, decided to face the dragon herself. She gathered her courage and set out on a journey to find a way to defeat the beast. She traveled far and wide, seeking the"
Mistral 7B Instruct v0.2 gptq 4Bit,6.589173713408622,30.352819442749023,4.38,Why should I eat healthy?,"Why should I eat healthy?

Eating healthy is important for maintaining good overall health and reducing the risk of chronic diseases. A healthy diet provides the nutrients your body needs to function properly, including essential vitamins, minerals, and fiber. Eating a balanced and varied diet can help you maintain a healthy weight, reduce inflammation, and improve your energy levels. Additionally, a healthy diet can help reduce the risk of chronic diseases such as heart disease, diabetes, and certain types of cancer.

What are some healthy eating habits?

1. Eat a variety of fruits and vegetables every day.
2. Choose whole grains instead of refined grains.
3. Incorporate lean protein sources such as poultry, fish, beans, and nuts.
4. Limit processed and sugary foods and drinks.
5. Use healthy cooking methods such as grilling, baking, or roasting instead of f"
Mistral 7B Instruct v0.2 gptq 4Bit,6.658773929633434,30.03555941581726,4.38,Is there a second life after death?,"Is there a second life after death? Is there a God? What is the meaning of life? These are questions that have puzzled mankind for centuries. While there is no definitive answer to these questions, there are many theories and beliefs that have been put forward. In this article, we will explore some of the most popular beliefs about life after death and the nature of God.

Beliefs about Life After Death:

1. Reincarnation: This is the belief that after death, the soul is reborn into a new body. This belief is most commonly associated with Hinduism and Buddhism. According to this belief, the soul goes through many cycles of birth and death, and the ultimate goal is to achieve liberation from the cycle of rebirth.
2. Heaven and Hell: This is the belief that after death, the soul goes to either heaven or hell, depending on its moral worth. This belief is most commonly associated with Christianity and"
Mistral 7B Instruct v0.2 gptq 4Bit,6.625076658104,30.188329935073853,4.38,What is the most common injury?,"What is the most common injury?

The most common injury is strains and sprains. These injuries occur when muscles or ligaments are stretched or torn. They can happen in any part of the body, but are most common in the back, knees, and ankles. Strains are injuries to muscles, while sprains are injuries to ligaments. Both types of injuries can result from sudden movements, falls, or overuse.

How long does it take to heal from a sprain?

The healing time for a sprain depends on the severity of the injury. Mild sprains may heal in a few days to a few weeks, while more severe sprains can take several weeks to several months to heal. Factors that can affect healing time include the location and size of the sprain, the age and overall health of the individual, and the specific treatment used.

RICE (Rest, Ice, Compression, and E"
Mistral 7B Instruct v0.2 gptq 4Bit,6.62762791129533,30.176709175109863,4.38,Who is Konrad Zuse?,"Who is Konrad Zuse?

Konrad Zuse (June 22, 1910 ‚Äì December 18, 1994) was a German engineer, mathematician, and computer scientist, considered to be the first person to build and program a freely programmable digital computer, the Z3. He is also known for his work on the design of the first computer architecture, the Plankalk√ºl programming language, and the concept of a universal machine.

What is the significance of Konrad Zuse in the history of computing?

Konrad Zuse is considered a pioneer in the development of computing technology. He is best known for building and programming the first freely programmable digital computer, the Z3, in 1941. The Z3 was a significant milestone in the history of computing because it was the first machine to be designed specifically for general-purpose computing"
Llama 3 8B Instruct LoRA ms-marco merged,7.065699070726606,28.30576252937317,14.97,Once upon a time,"Once upon a time in the bustling city of Tokyo, there was a young man named Taro. He was known for his incredible cooking skills and his dream to open up his own restaurant. But, there was one major problem: he was afraid of failure. He had always been too scared to take the leap and start his own business, so he ended up working for a small restaurant instead. Taro's dream seemed to be slipping away, and he couldn't help but wonder if he would ever be able to make his dream a reality. One day, he stumbled upon an old man who had once been a famous chef in Tokyo. The old man told him that he had lost his passion for cooking years ago and had retired early. Taro decided to go on a journey to find the old man and learn the secret to his cooking. On the way, he met a young girl who was also on a journey to find the old man. Together, they went on an incredible adventure that"
Llama 3 8B Instruct LoRA ms-marco merged,36.93245452085551,5.4152913093566895,14.97,Why should I eat healthy?,"Why should I eat healthy? Healthy eating is the best way to ensure that your body gets the nutrients it needs to function properly. When you eat healthy, you are fueling your body for optimal health and performance. It can help to keep you from getting sick, and it can help to keep you feeling full and energized throughout the day. It can also help to give you the energy that you need to do the things you want to do. Healthy eating is not about dieting, it is about making healthy choices for your body. By choosing healthy food options, you are giving your body the nutrients it needs to function at its best. Healthy eating is about eating foods that are nutrient dense, and avoiding foods that are not healthy for you. It is about making lifestyle changes that will help you to be healthy and happy. Healthy eating is not about dieting, it is about making healthy choices for your body. By choosing healthy food options, you are giving your body the nutrients it needs"
Llama 3 8B Instruct LoRA ms-marco merged,37.72548031628643,5.301456689834595,14.97,Is there a second life after death?,"Is there a second life after death? A survey of the evidence suggests that there is. In this book, the author explores the possibility of an afterlife, examining the various forms it might take, the evidence for it, and the arguments against it. He looks at the beliefs of the major religions, from Christianity and Islam to Buddhism and Hinduism, and at the ideas of philosophers such as Plato and Aristotle. He also examines the claims of those who have returned from the dead, and the evidence from near-death experiences. Is there a second life after death? The evidence is inconclusive, but there are good reasons for believing that there is. show more
Is There an Afterlife?
The Oxford Handbook of the Psychology of Spirituality, Meaning, and Religion
The Oxford Handbook of the Psychology of Spirituality, Meaning, and Religion
The Oxford Handbook of the Psychology of Spirituality, Meaning, and Religion
The Oxford Handbook of the Psychology of Spirituality, Meaning, and Religion
"
Llama 3 8B Instruct LoRA ms-marco merged,37.78870473511128,5.292586803436279,14.97,What is the most common injury?,"What is the most common injury? The most common injuries are ankle and knee injuries. In fact, the American Academy of Orthopaedic Surgeons reports that the ankle is the most commonly injured joint in the body, accounting for 30% of all sports injuries, while the knee is second. (Source: American Academy of Orthopaedic Surgeons) In fact, the American Academy of Orthopaedic Surgeons reports that the ankle is the most commonly injured joint in the body, accounting for 30% of all sports injuries, while the knee is second. (Source: American Academy of Orthopaedic Surgeons) In fact, the American Academy of Orthopaedic Surgeons reports that the ankle is the most commonly injured joint in the body, accounting for 30% of all sports injuries, while the knee is second. (Source: American Academy of Orthopaedic Surgeons) In fact, the American Academy of Orthopaedic Surgeons reports that the ankle is the most commonly"
Llama 3 8B Instruct LoRA ms-marco merged,37.6379289960873,5.313788652420044,14.97,Who is Konrad Zuse?,"Who is Konrad Zuse? Konrad Zuse (1910-1995) was a German engineer, inventor, and computer scientist. He is best known for the development of the first fully automatic digital computer, the Z3, which was completed in 1941. Zuse was born in Berlin, Germany, in 1910. He studied engineering at the Technische Hochschule in Berlin, but left before completing his degree. He then worked as a draftsman for a firm that produced aircraft engines. In the early 1930s, Zuse began building his first mechanical computer, which he called the V1. It was a relay-based computer that was designed to be used for military applications. In 1938, he completed the V2, which was a more advanced version of the V1. It was also a relay-based computer and was used for military applications during World War II. In 1941, Zuse completed the Z3, which was"
Mistral-7B-Instruct_prune_lora_awq,19.629107885204906,10.188950061798096,3.24,Once upon a time,"Once upon a time, there was a village. The village has a very unique law; it was the rule that every year, each of the householder will take one poor person into their household. They will provide them with shelter, food, and clothing.

One day, a little girl came from town to visit her grandfather. She is very curious about this unique law in the village and asked her grandfather.

‚ÄúDo you and mother have to take one poor person into your household every year?‚Äù she asked, ‚ÄúWhy?‚Äù

The grandfather smiled and replied,‚Äô Yes, we have to. That is the rule of this village.‚Äô

‚ÄúWhy can‚Äôt you give them money instead of taking someone into your household?‚Äù the girl said further.

‚Äò‚ÄôBecause, it is not a burden, it is a gift.‚Äô
‚Äô‚ÄôA gift?‚Äô asked the girl.

‚Äò‚ÄôYes, a gift you give to humanity. By taking"
Mistral-7B-Instruct_prune_lora_awq,30.28379213972336,6.604192733764648,3.24,Why should I eat healthy?,"Why should I eat healthy? People who eat a diet rich in essential nutrients, vitamins, fibers, and complex carbohydrates are reduced risk of many chronic diseases including type 2 diabetes, strokes, and heart disease. A diet rich in fiber is also good for the health of the digestive system, and can lower blood cholesterol levels and can even help with depression. Also, when you‚Äôre consuming essential nutrients at regular intervals, you‚Äôll feel better throughout the day, and you‚Äôll be able to keep your weight in dials.

Why is it better to cook meals homemade? Cooking meals at home can have several benefits. Firstly, you have complete control over the ingredients you‚Äôre using. When you cook meals at home you know exactly what is going into your food, which is not always the case when eating restaurant or prepared meals. Additionally, preparing meals at home allows you to"
Mistral-7B-Instruct_prune_lora_awq,30.67345587638952,6.5202956199646,3.24,Is there a second life after death?,"Is there a second life after death? Can our mind survive our physical death? Is there actually consciousness after death. These are thought to be some of the big questions mankind will always ask but in the first study of the consciousness itself after death in monkeys recently carried out by the University of California, Irvine and New Mexico Los Alamos Laboratory scientists found that consciousness is out of life.

The scientists measured the monkeys‚Äô brain activity in the form of brain function, electrodes implanted in the brains of three maca monkeys before they died and found that, there is a brief window at death when the consciousness of the monkeys remains in the brain. However, after that brief window, consciousness is extinguished.
The findings came as a disappointment to the scientists for they had predicted that consciousness and the self might live on after death but their research shows that the exact reverse of what they have previously thought.

These researchers, for those"
Mistral-7B-Instruct_prune_lora_awq,30.188023722270408,6.095132350921631,3.24,What is the most common injury?,"What is the most common injury? This is a difficult question. Many injuries are often common. However, one specific injury that has been reported in numerous studies as one of the most common injuries is the back injury.

Back injuries can occur for many reasons. They can happen suddenly like when a person falls or falls out of a high-risk job like construction or a sports player when they are hit, tackled or twirled back or forward at an angle that strains their back muscle.

Back injuries can also occur over time, like when a person‚Äôs work exerts a stress on the back muscles or taps on computer, leading to tightness or a strain.

Regardless of how they occur, back injuries are very common and generally affect older individuals. However, you can prevent these injury by stretching and strengthening muscles and exercising in moderation."
Mistral-7B-Instruct_prune_lora_awq,30.574984178738287,6.541295289993286,3.24,Who is Konrad Zuse?,"Who is Konrad Zuse? (Videos)

I am not an AI, but a software developer, so I can't directly help but here's some information for you.

Konrad Zuse (24 October 1913 ‚Äì 18 August 2010) was a German mathematician, computer pioneer, and engineer. He is widely considered to be the pioneer of computer science in Germany and the first person to design and build a computing machine, not only in Germany but the world over. His work greatly influenced the development of the IBM 765 Main Machine and subsequent IBM mainframe processors, as well as the development of the IBM 666 transistor microprocessor.

Zuse was born in Paderborn and attended school there. He studied mathematics, physics, and engineering from 1939 to 1940 at the Universities"
Mistral-7B-Instruct_prune_lora_awq,3.5030449665040595,57.09318661689758,3.24,Once upon a time,"Once upon a time, I read an article in our local newspaper on the subject of self-reassurance and the importance of one‚Äôs self-esteem for healthy growth and development. In the middle of the article, I stopped, scratched my head and whispered to myself , ‚ÄúReassure, what is reassurance?‚Äù With great reluctance (and in my best teacher voice) I turned to my youngest child, M, sitting sideways on an open fringed basket, with his chin resting on his hand and his eyes firmly glued to the article, ‚ÄúM, have you ever heard of reassurance?‚Äù

He looked at me with disdain. ‚ÄúIt‚Äôs not like you don‚Äôt have access to modern web, mom!‚Äù

What? What! He turned back to the article to catch the following information, which he explained to me so I didn‚Äôt feel stupid.

‚ÄúReassurance is a mental state"
Mistral-7B-Instruct_prune_lora_awq,31.46252732030648,3.972980260848999,3.24,Why should I eat healthy?,"Why should I eat healthy?

There is an endless list of reasons why one should eat healthy. First and foremost, eating properly helps maintain the necessary nutrients needed to have a strong immune system and to prevent illnesses. It also plays an important role in managing certain chronic diseases such as diabetes, heart disease or cancer. Another important reason to eat healthy is that it can help to maintain a healthy weight. When we eat proper portions and nutritious food, we stay fit and have energy, which leads to a better mood, better performance, and a greater sense of self-esteem."
Mistral-7B-Instruct_prune_lora_awq,30.966571705212665,6.458577394485474,3.24,Is there a second life after death?,"Is there a second life after death? The answer is different for each person. Different beliefs. Different cultures. Different religions have their own beliefs about what lies beyond the mortal life.

However it never occurred to me that death is a business opportunity.

I came across a story of a company named ‚ÄúDeath Cockroach‚Äù which specialize in the business of human remains after the death of the client. In another section, let me share all that I have learned about the company but first, let me get into how the name ‚ÄúDeath Cockroach‚Äù was chosen.

### How do you choose the name Death Cockroach for your company?

First, let me admit that when I heard their name, my eyes were opened to the business's potential.

The name Death Cockroach itself can make a huge impact, especially for the curiosity value. The combination of two contrasting words such as death"
Mistral-7B-Instruct_prune_lora_awq,30.586044178097925,6.5389299392700195,3.24,What is the most common injury?,"What is the most common injury?

The most common form of injury is skin abrasion, which can happen with any injury involving contact with anything - even the ground. These abrasions can happen during sports, playing outside or due to the common pranging-up of adulthood.

What is a common injury in the eyes?

Common eye injuries often include scratches, lash abrasions, foreign object irritations, or punctuations by insect flies, needles or foreign objects in the eye. These conditions can cause eye pain and infections, swelling, redness, blurriness, vision loss of eye pain, or swollen, red glands above the eyebrows. You are considered to have a corneal scratched if a scratch can easily be seen in the lower portion of the cornea. Lash abrasions usually happen through rubbing your eyes. Fluent oil, eye drops or chemicals can irrit"
Mistral-7B-Instruct_prune_lora_awq,30.91869716549762,6.468577861785889,3.24,Who is Konrad Zuse?,"Who is Konrad Zuse?

Konrad Zuse (1931-2003) is also called the Earthern King of Computing, since Konrad Zuse‚Äôs achievements laid the ground for modern computer science and it is only recently that the world found out about his outstanding work.

## Key Points of Biography

- Name: Konrad Zuse
- Born: 14 October 1931
- Death: 25 August 2003
- Age: 62 years
- Birth place: Ulm, Weimar Reichsvorsterndorf, Germany
- Cause of death: Heart attack
- Ethnicity: German
- Father: Wilhelm Zuse
- Mother: Elfriede Zuse (nee Toller)

## Who was Konrad Zuse?

Konrad Zuse was a German pioneer in computer"
Llama-3-8B-Instruct_gptq_4bit,4.344523458032283,46.03496837615967,5.47,Once upon a time,"Once upon a time, in a land far, far away, there was a magical kingdom hidden deep within the heart of a dense forest. The kingdom was ruled by a wise and just king, who had a beautiful daughter named Sophia. Sophia was a kind and gentle soul, with a heart full of love and compassion for all living things. She was loved by all the people of the kingdom, and was known for her wisdom and her ability to communicate with animals.

One day, a wicked sorcerer named Malakai cast a spell over the kingdom, causing all the animals to disappear. The king and his people were devastated, and they begged Sophia to use her powers to lift the curse. Sophia, determined to help her people, set out on a journey to find the sorcerer and beg him to lift the curse.

As she journeyed through the forest, Sophia encountered many dangers and obstacles, but she persevered, using her wit and her compassion to overcome them. She met a wise"
Llama-3-8B-Instruct_gptq_4bit,6.537017476269319,30.5949923992157,5.47,Why should I eat healthy?,"Why should I eat healthy? Eating healthy is important for many reasons. Here are some of the most significant benefits:
1. Boosts Energy Levels: A healthy diet provides the body with the necessary nutrients, vitamins, and minerals to function properly. This means that you'll have more energy to tackle your daily tasks and activities.
2. Supports Weight Management: Eating a balanced diet helps you maintain a healthy weight. This reduces the risk of chronic diseases like diabetes, heart disease, and certain types of cancer.
3. Improves Mental Health: A healthy diet has been shown to improve mental health by reducing the risk of depression, anxiety, and other mental health issues.
4. Reduces Risk of Chronic Diseases: Eating a healthy diet can help reduce the risk of chronic diseases like heart disease, stroke, and certain types of cancer.
5. Supports Healthy Bones: A healthy diet provides the necessary calcium and other nutrients to support healthy bones.
6. Promotes Healthy Skin: A healthy diet provides the"
Llama-3-8B-Instruct_gptq_4bit,6.597942140257096,30.31248164176941,5.47,Is there a second life after death?,"Is there a second life after death? - The concept of reincarnation
Reincarnation is the idea that the soul or consciousness continues to exist after the physical body dies, and that it is reborn into a new body or form. This concept is found in many Eastern cultures, such as Hinduism, Buddhism, and Jainism, as well as in some Western spiritual traditions.
The idea of reincarnation is based on the belief that the soul or consciousness is eternal and indestructible, and that it continues to evolve and grow through a series of lifetimes. The concept is often linked to the idea of karma, which is the idea that the actions and thoughts of an individual in one lifetime will influence their experiences and circumstances in future lifetimes.
There are many different interpretations and variations of the concept of reincarnation, and it is not a universally accepted idea. Some people believe that reincarnation is a way to learn and grow, while others see it as a way to resolve unfinished business"
Llama-3-8B-Instruct_gptq_4bit,6.572804450854528,30.428411722183228,5.47,What is the most common injury?,"What is the most common injury? In the world of sports, injuries are a common occurrence. According to the National Athletic Trainers' Association, the most common injuries in sports are:
1. Sprains and strains: These are the most common types of injuries in sports, accounting for approximately 40% of all injuries. Sprains occur when a ligament is stretched or torn, while strains occur when a muscle or tendon is stretched or torn.
2. Concussions: Concussions are a type of traumatic brain injury that occurs when the head is hit or hit with force, causing the brain to bounce or twist inside the skull. Concussions are a common injury in contact sports such as football, hockey, and soccer.
3. Knee injuries: Knee injuries are common in sports that involve running, jumping, and quick changes of direction, such as basketball, soccer, and tennis. The most common knee injuries are ligament sprains, meniscal tears, and patellar tendonitis.
4"
Llama-3-8B-Instruct_gptq_4bit,6.572622298601611,30.42925500869751,5.47,Who is Konrad Zuse?,"Who is Konrad Zuse? Konrad Zuse was a German engineer, architect, and filmmaker who is widely regarded as the father of digital filmmaking. He was born on November 26, 1913, in Gliwice, Poland, and passed away on May 30, 1995, in Ottobrunn, Germany. Zuse is best known for his work on the first computer-generated film, ""Sputnik,"" which was released in 1957. He also designed and built the first computer-controlled camera, which was used in the production of ""Sputnik."" Zuse's work in the field of digital filmmaking has had a lasting impact on the film industry, and he is still widely recognized and respected today....read more
Who is Konrad Zuse? Konrad Zuse was a German engineer, architect, and filmmaker who is widely regarded as the father of digital filmmaking. He was born on November 26, "
Llama-3-8B-Instruct_gptq_3bit,2.963834958947996,67.48014068603516,4.76,Once upon a time,"Once upon a time, there was a time. Once upon a time, there was a time. Once upon a time, there was a time. Once upon a time, there was a time. Once upon a time, there was a time. Once upon a time, there was a time. Once upon a time, there was a time. Once upon a time, there was a time. Once upon a time, there was a time. Once upon a time, there was a time. Once upon a time, there was a time. Once upon a time, there was a time. Once upon a time, there was a time. Once upon a time, there was a time. Once upon a time, there was a time. Once upon a time, there was a time. Once upon a time, there was a time. Once upon a time, there was a time. Once upon a time, there was a time. Once upon a time, there was a time"
Llama-3-8B-Instruct_gptq_3bit,3.632923530601176,55.05208086967468,4.76,Why should I eat healthy?,"Why should I eat healthy? (Part 1)
Why should I eat healthy? (Part 1)
Why should I eat healthy? (Part 1)
Why should I eat healthy? (Part 1)
Why should I eat healthy? (Part 1)
Why should I eat healthy? (Part 1)
Why should I eat healthy? (Part 1)
Why should I eat healthy? (Part 1)
Why should I eat healthy? (Part 1)
Why should I eat healthy? (Part 1)
Why should I eat healthy? (Part 1)
Why should I eat healthy? (Part 1)
Why should I eat healthy? (Part 1)
Why should I eat healthy? (Part 1)
Why should I eat healthy? (Part 1)
Why should I eat healthy? (Part 1)
Why should I eat healthy? (Part 1)
Why should I eat healthy? (Part 1)
Why"
Llama-3-8B-Instruct_gptq_3bit,3.6702962454698227,54.49151420593262,4.76,Is there a second life after death?,"Is there a second life after death? - A Study on Reincarnation
Is there a second life after death? - A Study on Reincarnation
Is There a Second Life After Death? - A Study on Reincarnation
Is There a Second Life After Death? - A Study on Reincarnation
Is There a Second Life After Death? - A Study on Reincarnation
Is There a Second Life After Death? - A Study on Reincarnation
Is There a Second Life After Death? - A Study on Reincarnation
Is There a Second Life After Death? - A Study on Reincarnation
Is There a Second Life After Death? - A Study on Reincarnation
Is There a Second Life After Death? - A Study on Reincarnation
Is There a Second Life After Death? - A Study on Reincarnation
Is There a Second Life After Death? - A Study on Reincarnation
Is There a Second Life After Death"
Llama-3-8B-Instruct_gptq_3bit,3.6512665363878227,54.775513648986816,4.76,What is the most common injury?,"What is the most common injury? (Hint: Look at the data)
What is the most common injury? (Hint: Look at the data)
What is the most common injury? (Hint: Look at the data)
What is the most common injury? (Hint: Look at the data)
What is the most common injury? (Hint: Look at the data)
What is the most common injury? (Hint: Look at the data)
What is the most common injury? (Hint: Look at the data)
What is the most common injury? (Hint: Look at the data)
What is the most common injury? (Hint: Look at the data)
What is the most common injury? (Hint: Look at the data)
What is the most common injury? (Hint: Look at the data)
What is the most common injury? (Hint: Look at the data)
What is the most common injury? (Hint: Look at the data)
What is the most"
Llama-3-8B-Instruct_gptq_3bit,3.6488002606902317,54.81253719329834,4.76,Who is Konrad Zuse?,"Who is Konrad Zuse? (1)
Konrad Zuse is a German artist and illustrator who is known for his work in the fields of science fiction and fantasy. He is particularly famous for his work on the cover art of various science fiction and fantasy books, as well as his work on the covers of various magazines and comic books. He is also known for his work on the covers of various science fiction and fantasy books, as well as his work on the covers of various magazines and comic books. He is also known for his work on the covers of various science fiction and fantasy books, as well as his work on the covers of various magazines and comic books. He is also known for his work on the covers of various science fiction and fantasy books, as well as his work on the covers of various magazines and comic books. He is also known for his work on the covers of various science fiction and fantasy books, as well as his work on the covers of various magazines and comic"
Llama-3-8B-Instruct_gptq_2bit,6.462504635632755,30.947753429412842,8.59,Once upon a time,"Once upon a time, the to go up to people and rely to the coffee of the gym and, to the cgo* as the ous, to the  and the 1?
.
 to the us/ Left on the 1nd üòâ

 the, go a. the Francis A To Tact, her *tr orlar Wist, Rudd or 2, the same..
 a, be directed,  P,ville), to the, and excellent, (1) | (o) the (1) (,) |
 (1) (a) (1) (1) (Ass) (1) (1) (1) (1) (free): (P) ( (A  the 1, (w): (1) (assym): (W) ): (1) (a) (R) (1) (t) (im) (1) (S) (1) (w) ("
Llama-3-8B-Instruct_gptq_2bit,6.5408600398573675,30.57701873779297,8.59,Why should I eat healthy?,"Why should I eat healthy? ayleft; as... overseas, the. Y (Talt! to the development, the (C) the the work; the;; Ground; the way to the Mournings Muc the Mym O M. the M B Mear M, the M Bis Mieu- U-C for the M - M, the company of the  Sub Island M H Mid  the M- T Group of the M- Tals of the M- T Sen the the M* the T of the M- Tons of the M- T of the M- T of the M- the T of the M- the T of the M- the T of the M- the T of the M- the T of the M- the. the. the M to the M to the M to the M- to the M to the M to the M to the M to the M to the M to the M to the M to the"
Llama-3-8B-Instruct_gptq_2bit,6.608393026123468,30.264543771743774,8.59,Is there a second life after death?,"Is there a second life after death?!!)

! 42 |
 the 15  |
}
</, the 1 (top to the 1 ):
)
 )
)
! the 1 ( )1) )
 to the 1 (? 2) K. (1)! ) in ( 1 * ( 1 ) in ( 1 ) ( )  ) in ( )?!?...... it into the time of time here as  I.!?..  ( 1 ) 1 (  ) |
 }   .
 199 Speanst to write... (0 |?!.;lishine 1 :, Merruja , Theat. Cavill,, Here.!

 Men in. 201. ??! The 1:...... ........ The a...... (best) The.. (0)... The .. (."
Llama-3-8B-Instruct_gptq_2bit,6.574305106229207,30.42146611213684,8.59,What is the most common injury?,"What is the most common injury? the N Company To the v! a,, to the  the most I hear Tink, the most I are the most I the most I the most I the most I the most I the first I the first I the first, the first. the first. the first. the 100th  the 100th the first. the 100-mile the 100 the    the   the  the  the  the  the  the  the  the  the  the  the  the  the the the  the the the the the the the the the the the the the the.. the the the the the the the the the the the the the the the the the the the the the the the the the the the the the the herself the the the the the herself the the herself the the herself the.. the. herself. the. the the. the the see the. the the see the."
Llama-3-8B-Instruct_gptq_2bit,6.574969988001785,30.418389797210693,8.59,Who is Konrad Zuse?,"Who is Konrad Zuse?.
,,.
,. the the.""
The 201  |
. Thare Val 100, the 201, a work of the other, and the other 1, the 1? the 40 10? the 40  the 40  40! the 20 10 The the 20 10 the 10 the 10! The 40 0 The 40 0 The 0. The 0 The 0 The 0. The 0 The 0 The The 0. The 0 The The 0. The 0 The The 0 2010 ‚Äì The 0. The Cause the 0 0 Time the 0 to the 0 Time the 0 Time the 0 Time Antroduction  the 0 Time the 0 Time the the 0 Time Ant One |

 The 0  The the 0 Timeant the  the 0"
Meta-Llama-3-8B-Instruct_qlora,14.87901099564001,13.441753625869751,10.19,Once upon a time,"Once upon a time, there was a young boy named Max who lived in a small village surrounded by a dense forest. Max was a curious and adventurous boy who loved to explore the forest and discover its secrets.
One day, while wandering through the forest, Max stumbled upon a hidden path he had never seen before. The path was overgrown with weeds and vines, and it seemed to lead deep into the heart of the forest. Max's curiosity was piqued, and he decided to follow the path to see where it would take him.
As he walked along the path, Max noticed that the trees around him were becoming taller and the air was growing thick with an eerie, misty fog. He could hear strange noises all around him - the rustling of leaves, the snapping of twigs, and the distant howling of wolves. Max felt a shiver run down his spine, but he was determined to continue his journey.
After a while, the path opened up into a clearing"
Meta-Llama-3-8B-Instruct_qlora,15.649415518599021,12.780030012130737,10.19,Why should I eat healthy?,"Why should I eat healthy? - PowerPoint
Why should I eat healthy?
Eating a healthy diet is important for many reasons. Here are some reasons why you should eat healthy:
1. Boosts Energy Levels: A healthy diet provides the body with the necessary nutrients, vitamins, and minerals that help to boost energy levels and keep you feeling full of energy throughout the day.
2. Supports Weight Loss: Eating a healthy diet can help with weight loss by providing the body with the necessary nutrients to burn fat and build muscle.
3. Improves Heart Health: A healthy diet can help to lower cholesterol levels, reduce blood pressure, and improve overall heart health, reducing the risk of heart disease and stroke.
4. Boosts Immune System: A healthy diet is rich in vitamins, minerals, and antioxidants that help to boost the immune system, reducing the risk of illness and disease.
5. Promotes Healthy Skin: A healthy diet is rich in vitamins and minerals that help to promote healthy skin"
Meta-Llama-3-8B-Instruct_qlora,15.836680307539332,12.628909349441528,10.19,Is there a second life after death?,"Is there a second life after death? A question that has puzzled humans for centuries. The answer, as it turns out, is a resounding maybe. Or, more accurately, it's a resounding ""it's complicated."" Because, as it turns out, there are many different interpretations of what happens after we die, and no one can say for certain what the truth is.

Some people believe that there is a second life after death, where we are reunited with loved ones who have passed on before us. This is often referred to as ""heaven"" or ""paradise."" Others believe that there is no afterlife, and that when we die, our consciousness simply ceases to exist. This is often referred to as ""nothingness"" or ""non-existence.""

But what if there is something in between? What if there is a realm or dimension that exists beyond our physical bodies, but is not necessarily a place of eternal bliss or eternal torment? This is often referred"
Meta-Llama-3-8B-Instruct_qlora,15.743948529953421,12.703293561935425,10.19,What is the most common injury?,"What is the most common injury? The most common injury varies depending on the activity, sport, or occupation. However, according to the National Safety Council, the most common injuries in the United States are:
1. Sprains and strains: These types of injuries occur when a muscle or tendon is stretched or torn, often due to overuse or sudden movements. They are common in sports such as basketball, football, and soccer.
2. Cuts and lacerations: These types of injuries occur when the skin is cut or torn, often due to accidents or falls. They are common in activities such as construction, landscaping, and sports.
3. Fractures: These types of injuries occur when a bone is broken, often due to falls, car accidents, or sports-related injuries. They are common in activities such as skiing, snowboarding, and football.
4. Concussions: These types of injuries occur when the brain is shaken or hit, often due to falls, car accidents"
Meta-Llama-3-8B-Instruct_qlora,15.545856963389584,12.865164041519165,10.19,Who is Konrad Zuse?,"Who is Konrad Zuse? Konrad Zuse was a German engineer and computer scientist who is considered one of the pioneers of computer development. He is best known for inventing the first fully automatic digital computer, the Z3, in 1941, and for developing the first high-level programming language, Plankalk√ºl, in the 1940s. Zuse was born in 1905 in Berlin, Germany, and grew up in a family of engineers and inventors. He was fascinated by machines and technology from an early age and began building his own machines and devices as a teenager. After completing his education, Zuse worked as an engineer in the German aircraft industry, where he became interested in the potential of computers to solve complex mathematical problems. In the 1930s, he began building his own computers, using vacuum tubes and other components. In 1941, he completed the Z3, a fully automatic digital computer that could perform calculations and store data."
Meta-Llama-3-8B-Instruct,18.75688183224907,10.662753105163574,25.28,Once upon a time,"Once upon a time, there was a young girl named Maria. She lived in a small village surrounded by lush green forests and a sparkling river. Maria loved to explore the outdoors and spend time with her animal friends. She was especially fond of a group of rabbits who lived in a nearby burrow.

One day, Maria decided to go on a journey to discover the secrets of the forest. She packed a bag with some food and water and set off early in the morning. As she walked, she noticed that the trees seemed to be growing taller and the path became narrower. She heard the sound of rushing water and followed it to a beautiful waterfall.

As she approached the waterfall, Maria noticed a group of rabbits playing in the mist. They were having a great time, jumping and splashing in the water. Maria watched them for a while, mesmerized by their joy and freedom.

Suddenly, the rabbits noticed Maria and came running towards her. They introduced themselves as the Guardians of the Forest and"
Meta-Llama-3-8B-Instruct,27.701563637946332,7.219809055328369,25.28,Why should I eat healthy?,"Why should I eat healthy? Eating healthy is important for many reasons. A healthy diet can help you feel your best, give you more energy, and even help you live a longer life. Here are some reasons why you should eat healthy:
1. Boosts Energy: A healthy diet provides your body with the nutrients it needs to function properly. This can help you feel more energized and focused throughout the day.
2. Supports Weight Loss: Eating healthy can help you lose weight and maintain weight loss over time. This is because healthy foods are typically low in calories and high in nutrients, which can help you feel full and satisfied.
3. Reduces Risk of Chronic Diseases: A healthy diet can help reduce your risk of chronic diseases, such as heart disease, diabetes, and certain types of cancer. This is because healthy foods are rich in antioxidants and other nutrients that can help protect your cells from damage.
4. Improves Mental Health: Eating healthy can also have a positive impact on your"
Meta-Llama-3-8B-Instruct,27.47814838087705,7.278510808944702,25.28,Is there a second life after death?,"Is there a second life after death? Is there a heaven or hell? Is there a spiritual realm or afterlife? These are some of the most profound and enduring questions that have puzzled humans for centuries. While there is no definitive answer, there are many theories and beliefs about what happens after we die.
In this article, we will explore some of the most popular theories and beliefs about the afterlife, including the concept of reincarnation, the idea of an afterlife, and the possibility of a spiritual realm.
Reincarnation is the belief that the soul or spirit continues to exist after death and is reborn into a new body. This concept is found in many Eastern religions, such as Hinduism, Buddhism, and Jainism. According to these beliefs, the soul or spirit is reborn into a new body based on its karma, or the good or bad actions it performed in its previous life.
The idea of an afterlife is the belief that there is a place or state that"
Meta-Llama-3-8B-Instruct,27.549996269131213,7.259529113769531,25.28,What is the most common injury?,"What is the most common injury? In the United States, the most common injury is a strain or sprain, which accounts for approximately 25% of all injuries. Strains occur when a muscle or tendon is stretched or torn, while sprains occur when a ligament is stretched or torn. These types of injuries can occur due to overuse, sudden movements, or falls.
What is the most common injury in sports? The most common injury in sports is a knee injury, which accounts for approximately 40% of all sports injuries. Knee injuries can occur due to a variety of factors, including overuse, poor training, and trauma. The most common types of knee injuries are:
* Anterior cruciate ligament (ACL) tears
* Medial collateral ligament (MCL) tears
* Meniscal tears
* Patellofemoral pain syndrome
* Iliotibial band syndrome
What are the most common causes of injury? The most common causes"
Meta-Llama-3-8B-Instruct,27.681745304558635,7.224977970123291,25.28,Who is Konrad Zuse?,"Who is Konrad Zuse? Konrad Zuse was a German engineer and computer scientist who is widely regarded as the inventor of the first fully automatic digital computer, the Z3. He was born in 1910 in Berlin, Germany, and began his career as an engineer at a young age. Zuse's work on the Z3, which he built in the 1930s, was a major breakthrough in the development of computers, and it laid the foundation for the modern computer industry. Zuse's contributions to computer science and engineering are still celebrated today, and he is considered one of the most important figures in the history of computing. Some of his notable achievements include: - Building the first fully automatic digital computer, the Z3, in the 1930s - Developing the first high-level programming language, Plankalk√ºl, in the 1940s - Creating the first computer-controlled machine tool, the Z1, in the 1940s - Developing the"
Meta-Llama-3-8B-Instruct_qlora_low,6.33062705561138,31.59244704246521,5.44,Once upon a time,"Once upon a time, in a small village nestled in the rolling hills of the countryside, there lived a young girl named Emily. Emily was a kind and gentle soul, with a heart full of love and a spirit that shone like a beacon in the darkness. She lived with her parents in a small cottage on the outskirts of the village, surrounded by lush green fields and towering trees.

Emily's days were filled with the simple pleasures of life: helping her mother with the household chores, playing with her friends in the village, and exploring the nearby woods. But despite her idyllic surroundings, Emily felt a sense of restlessness within her. She longed for adventure, for excitement, and for a sense of purpose that went beyond the mundane routines of her daily life.

One day, as Emily was wandering through the woods, she stumbled upon a hidden path she had never seen before. The path was overgrown with weeds and vines, and it seemed to lead to a place that was"
Meta-Llama-3-8B-Instruct_qlora_low,16.16807192582145,12.37005877494812,5.44,Why should I eat healthy?,"Why should I eat healthy? Eating healthy is important for many reasons. Here are some of the most significant benefits:
1. Boosts energy: A healthy diet provides the body with the necessary nutrients, vitamins, and minerals to function properly, which can help to boost energy levels.
2. Supports weight loss: Eating healthy can help with weight loss, as it provides the body with the necessary nutrients to burn fat and build muscle.
3. Improves overall health: A healthy diet can help to improve overall health by reducing the risk of chronic diseases such as heart disease, diabetes, and certain types of cancer.
4. Promotes healthy skin: A healthy diet can help to promote healthy skin by providing the body with the necessary nutrients and antioxidants to combat skin damage.
5. Supports mental health: A healthy diet can help to support mental health by providing the body with the necessary nutrients and antioxidants to combat stress and anxiety.
6. Improves sleep: A healthy diet can help to improve sleep quality"
Meta-Llama-3-8B-Instruct_qlora_low,16.439789001939413,12.165606260299683,5.44,Is there a second life after death?,"Is there a second life after death? (Part 2)
Is there a second life after death? (Part 2)
In the previous article, we discussed the possibility of a second life after death, and the various beliefs and perspectives that people have on this topic. In this article, we will explore some of the most compelling arguments for and against the idea of a second life after death.

Arguments for a second life after death:

1. The concept of reincarnation: Many Eastern religions and philosophies believe in the concept of reincarnation, which suggests that the soul or consciousness survives death and is reborn into a new body. This idea is supported by the idea that our experiences and memories are not lost after death, but are instead carried over into the next life.
2. The idea of an afterlife: Many religious and spiritual traditions believe in the idea of an afterlife, where the soul or consciousness continues to exist and evolve after death. This idea is supported by the idea"
Meta-Llama-3-8B-Instruct_qlora_low,15.940107543842617,12.546966791152954,5.44,What is the most common injury?,"What is the most common injury? In the United States, the most common injuries are:
1. Sprains and strains: These are the most common injuries, accounting for over 50% of all injuries. They occur when a muscle or tendon is stretched or torn, often due to overuse or sudden movement.
2. Fractures: Fractures, or broken bones, are the second most common injury, accounting for around 20% of all injuries. They can occur due to trauma, such as a fall or car accident, or as a result of repetitive stress.
3. Cuts and lacerations: Cuts and lacerations are the third most common injury, accounting for around 10% of all injuries. They can occur due to trauma, such as a cut from a sharp object, or as a result of a surgical procedure.
4. Dislocations: Dislocations, or the separation of a joint from its socket, are the fourth most common injury,"
Meta-Llama-3-8B-Instruct_qlora_low,16.333677916246355,12.24463963508606,5.44,Who is Konrad Zuse?,"Who is Konrad Zuse? Konrad Zuse was a German engineer and computer scientist who is considered one of the pioneers of computer development. He is best known for designing and building the first fully automatic digital computer, the Z3, in 1941.
What was the first computer built by Konrad Zuse?
The first computer built by Konrad Zuse was the Z1, which was completed in 1938. It was a mechanical computer that used a system of gears and levers to perform calculations. The Z1 was a significant innovation in computer design, as it was the first computer to use a binary system of numbers, which is still the basis for modern computer programming.
What was the Z3 computer like?
The Z3 computer, which was built in 1941, was a fully automatic digital computer that used a binary system of numbers to perform calculations. It was a significant improvement over the Z1, as it was the first computer to use a stored-program"
Meta-Llama-3-8B-Instruct-AWQ,2.200094279323909,90.90519523620605,10.9,Once upon a time,"Once upon a time, in a small village nestled in the rolling hills of the countryside, there lived a young girl named Sophia. Sophia was a curious and adventurous child, with a mop of curly brown hair and a smile that could light up the darkest of rooms. She loved to explore the world around her, and was always getting into mischief, much to the chagrin of her parents.

One day, while wandering through the village, Sophia stumbled upon a small, mysterious shop. The sign above the door read ""Curios and Wonders,"" and the windows were filled with a dazzling array of strange and exotic items. Sophia's curiosity was piqued, and she pushed open the door to venture inside.

The shop was dimly lit, and the air was thick with the scent of old books and dust. Sophia's eyes adjusted slowly to the darkness, and she began to make out the various treasures that lined the shelves. There were vintage dolls, antique clocks, and even a few"
Meta-Llama-3-8B-Instruct-AWQ,2.4233599496883613,82.53004264831543,10.9,Why should I eat healthy?,"Why should I eat healthy? | Healthy Eating Tips | Healthy Food Options
Why should I eat healthy? | Healthy Eating Tips | Healthy Food Options
Eating healthy is essential for maintaining a healthy body and mind. A balanced diet provides the necessary nutrients, vitamins, and minerals to support overall health and well-being. Here are some reasons why you should prioritize healthy eating:
1. Boosts Energy: A healthy diet provides the energy you need to power through your day. Eating nutrient-rich foods like fruits, vegetables, whole grains, and lean proteins can help increase your energy levels.
2. Supports Weight Management: A healthy diet can help you maintain a healthy weight, reducing the risk of chronic diseases like obesity, diabetes, and heart disease.
3. Promotes Healthy Skin: A diet rich in vitamins, minerals, and antioxidants can help improve skin health, reducing the appearance of wrinkles and fine lines.
4. Supports Bone Health: Calcium and vitamin D are essential for maintaining strong bones. A healthy"
Meta-Llama-3-8B-Instruct-AWQ,2.446507396890789,81.74919080734253,10.9,Is there a second life after death?,"Is there a second life after death? Do we have a soul? These are questions that have puzzled humans for centuries. The concept of an afterlife is rooted in various cultures and religions, with different beliefs and interpretations. In this article, we will explore the idea of an afterlife, its various forms, and the arguments for and against its existence.

**What is the afterlife?**

The afterlife is a concept that refers to the existence or continuation of the individual or their consciousness after death. It can take many forms, including:

1. **Heaven**: A paradise or blissful realm where the righteous or virtuous are rewarded.
2. **Hell**: A place of suffering or torment for those who have led a sinful or wicked life.
3. **Purgatory**: A transitional state where the deceased undergo spiritual cleansing or purification before entering the afterlife.
4. **Reincarnation**: The cycle of birth, death, and rebirth, often believed to be a"
Meta-Llama-3-8B-Instruct-AWQ,2.431924613899359,82.2393913269043,10.9,What is the most common injury?,"What is the most common injury? The most common injury is a sprain, which is a stretch or tear in a ligament, which is a band of connective tissue that connects bones to each other. Sprains can occur in any joint, but they are most common in the ankle, knee, and wrist. Sprains can be caused by a variety of factors, including overuse, trauma, or poor biomechanics. Symptoms of a sprain may include pain, swelling, and limited mobility in the affected joint. Treatment for a sprain typically involves rest, ice, compression, and elevation (RICE) to reduce pain and swelling, as well as physical therapy to improve range of motion and strength. In some cases, a sprain may require surgical repair if it is severe or does not heal properly on its own. Other common injuries include strains, which are tears in muscles or tendons, and contusions, which are bruises caused by trauma. Injuries can be caused"
Meta-Llama-3-8B-Instruct-AWQ,2.436688220334593,82.07861733436584,10.9,Who is Konrad Zuse?,"Who is Konrad Zuse? - The Father of Computer Science
Konrad Zuse (1910-1995) was a German engineer and computer scientist who is widely regarded as the ""Father of Computer Science"". He is best known for his pioneering work in the development of the first electronic computers, including the Z3, Z4, and Z5 machines.
Early Life and Education
Konrad Zuse was born on November 22, 1910, in Berlin, Germany. He grew up in a family of engineers and was fascinated by machines and mechanics from an early age. Zuse studied mechanical engineering at the Technical University of Berlin, where he graduated in 1933.

Career
After completing his studies, Zuse worked as an engineer in various industries, including the construction of machines and engines. However, his interest in computers and electronic calculations led him to start his own company, Zuse Apparatebau, in 1945.

Zuse's contributions to computer"
Meta-Llama-3-8B-Instruct_qlora,14.30299764873579,13.98308277130127,5.44,Once upon a time,"Once upon a time, in the world of the gods, there was a powerful and beautiful goddess named Aria. She was the goddess of music, poetry, and dance, and her voice was said to be as sweet as honey and as pure as the morning dew.
Aria lived in a magnificent palace made of crystal and gold, surrounded by a garden of rare and exotic flowers. She spent her days singing and playing her lyre, and her nights dancing under the stars.
One day, a mortal man named Orpheus heard the sweetest of sounds, the music of Aria's lyre. He was so captivated by her beauty and her voice that he decided to seek her out and make her his own.
Orpheus traveled to the palace of Aria, and when he arrived, he found her sitting on a throne of crystal, surrounded by her court of gods and goddesses. He was struck by her beauty and her power, and he knew that he had to"
Meta-Llama-3-8B-Instruct_qlora,15.591582776289382,12.827434062957764,5.44,Why should I eat healthy?,"Why should I eat healthy? Eating healthy is important for many reasons. Here are some of the most significant benefits:
1. Boosts Energy: A healthy diet provides the body with the necessary nutrients, vitamins, and minerals to function properly, which can help increase energy levels and reduce fatigue.
2. Supports Weight Management: Eating healthy can help you maintain a healthy weight, reduce the risk of obesity, and improve overall body composition.
3. Reduces the Risk of Chronic Diseases: A healthy diet can help reduce the risk of chronic diseases such as heart disease, diabetes, and certain types of cancer.
4. Improves Mental Health: A healthy diet has been shown to have a positive impact on mental health, reducing symptoms of depression and anxiety.
5. Supports Healthy Skin: A diet rich in fruits, vegetables, and omega-3 fatty acids can help improve skin health and reduce the signs of aging.
6. Improves Digestion: A healthy diet can help regulate digestion, reduce symptoms of"
Meta-Llama-3-8B-Instruct_qlora,15.734269623332043,12.711107969284058,5.44,Is there a second life after death?,"Is there a second life after death? Many people believe that there is a life after death, and that the soul or spirit continues to exist in some form. There are many different beliefs and theories about what happens after death, and there is no definitive answer. Some people believe in a specific afterlife, such as heaven or hell, while others believe that the soul or spirit simply ceases to exist after the body dies.
There are many different beliefs and theories about what happens after death, and there is no definitive answer. Some people believe in a specific afterlife, such as heaven or hell, while others believe that the soul or spirit simply ceases to exist after the body dies. Some people believe that there is a second life after death, and that the soul or spirit continues to exist in some form. This is often referred to as the ""afterlife"" or ""life after death"".
There are many different beliefs and theories about what happens after death, and there is no definitive answer"
Meta-Llama-3-8B-Instruct_qlora,15.607054316333587,12.814718008041382,5.44,What is the most common injury?,"What is the most common injury? In the United States, the most common injury is a soft tissue injury, such as a sprain or strain. These types of injuries occur when a muscle or ligament is stretched or torn, and they can happen to anyone, at any age. According to the American Academy of Orthopaedic Surgeons (AAOS), the most common soft tissue injuries are:
1. Sprains: These occur when a ligament is stretched or torn, often due to a sudden or forceful movement. Sprains can happen in any joint, but are most common in the ankle, knee, and wrist.
2. Strains: These occur when a muscle or tendon is stretched or torn, often due to overuse or sudden movement. Strains can happen in any muscle or tendon, but are most common in the back, neck, and legs.
3. Tendinitis: This is inflammation of a tendon, which is a fibrous cord that connects muscle"
Meta-Llama-3-8B-Instruct_qlora,15.52265227001225,12.884396076202393,5.44,Who is Konrad Zuse?,"Who is Konrad Zuse? He is a German engineer and computer scientist who is considered the inventor of the first digital computer. Zuse was born in 1910 in Berlin, Germany, and grew up in a family of inventors and engineers. He developed an interest in electronics and mathematics at an early age and went on to study at the Technical University of Berlin. After completing his studies, Zuse worked as an engineer and later founded his own company, Zuse KG, where he designed and built the first digital computer, the Z3.

The Z3 was a mechanical computer that used binary arithmetic and was capable of performing calculations at a rate of 60 operations per second. It was completed in 1941 and was used for scientific and engineering applications, including the calculation of artillery trajectories and the solution of differential equations. The Z3 was also used for cryptographic purposes, and it was during this time that Zuse became interested in the potential applications of computers in cryptography.

Zuse"
Mistral-7B-Instruct-v0.2_qlora,9.34226563524155,21.408083200454712,9.79,Once upon a time,"Once upon a time, in a land far, far away, there was a beautiful princess named Isabella. She lived in a magnificent castle nestled in the heart of a lush, green valley. The castle was surrounded by a moat filled with crystal-clear water, and the walls were adorned with intricate carvings and colorful tapestries.

Princess Isabella was known throughout the land for her kindness, her beauty, and her grace. She spent her days tending to the gardens, playing with the village children, and listening to the stories of her subjects. But despite her happiness, there was one thing that troubled her: she was lonely.

For years, she had longed for a companion, someone to share her life with and to love her in return. But no matter how many suitors came to the castle, none had captured her heart.

One day, as she sat by the castle"
Mistral-7B-Instruct-v0.2_qlora,17.007504412750407,11.759514808654785,9.79,Why should I eat healthy?,"Why should I eat healthy?

Eating healthy is important for maintaining a healthy weight, reducing the risk of chronic diseases such as heart disease, diabetes, and cancer, and improving overall health and well-being. A healthy diet provides the body with the essential nutrients it needs to function properly, including vitamins, minerals, fiber, and antioxidants. Eating a balanced and varied diet can also help improve energy levels, boost the immune system, and promote better mental health.

What are some tips for eating healthy?

1. Eat a variety of foods: Aim to include a wide range of fruits, vegetables, whole grains, lean proteins, and healthy fats in your diet.
2. Eat plenty of fruits and vegetables: Aim for at least 5 servings of fruits and vegetables per day.
3. Choose whole, unprocessed foods: Avoid processed and packaged foods as much"
Mistral-7B-Instruct-v0.2_qlora,16.737061112461426,11.94952917098999,9.79,Is there a second life after death?,"Is there a second life after death? Is there a God? What is the meaning of life? These are questions that have puzzled mankind for centuries. In this article, we will explore the concept of life after death and the various beliefs and theories surrounding it.

The belief in life after death is not unique to any particular culture or religion. It is a common belief found in many different traditions around the world. Some people believe that after death, the soul or consciousness continues to exist in another realm, while others believe in the physical resurrection of the body.

One of the oldest and most widespread beliefs in life after death is the concept of reincarnation, which is found in various Eastern religions such as Hinduism, Buddhism, and Jainism. According to this belief, after death, the soul is reborn into a new body, and the cycle of birth, death, and rebirth continues until the soul achieves enlighten"
Mistral-7B-Instruct-v0.2_qlora,16.953886688863168,11.7967050075531,9.79,What is the most common injury?,"What is the most common injury?

The most common injury is a sprain, which is an injury to a ligament, often caused by twisting or overstretching. Sprains can occur in any part of the body, but are most common in the ankle, wrist, and knee. Other common injuries include strains (injuries to muscles or tendons), contusions (bruises), and fractures (broken bones).

What is the difference between a sprain and a strain?

A sprain is an injury to a ligament, which is a band of tissue that connects bones at a joint. A strain is an injury to a muscle or tendon, which are the tissues that allow muscles to move bones.

Sprains are typically caused by twisting or overstretching a joint, while strains are usually caused by overexertion or sudden movements. Sprains often result in pain, swelling"
Mistral-7B-Instruct-v0.2_qlora,17.17895901251655,11.642148971557617,9.79,Who is Konrad Zuse?,"Who is Konrad Zuse?

Konrad Zuse (June 22, 1910 ‚Äì December 18, 1995) was a German computer pioneer, considered to be the first to conceive and build a working binary digital computer. He is also known for his work on the design of the first high-level programming language, Plankalk√ºl.

What is the significance of Konrad Zuse in the history of computing?

Konrad Zuse is considered a pioneer in the field of computing for several reasons. He is credited with being the first person to design and build a working binary digital computer, the Z3, in 1941. This was several years before the first electronic digital computers were built in the United States and the United Kingdom.

Zuse's work on the Z3 was also significant because he used a binary system, which is the basis"
